﻿course_name,course_code,course_description,framework_languages,children
التربية الوالدية,FMPS_C003,"التربية الوالدية مفهوم يشمل عنصرين أساسيين، يتمثلان في الأسرة والمدرسة، باعتبار كلا منهما مؤسسة اجتماعية، تسهر على تنشئة الطفل، بشكل صحيح من خلال زرع القيم
والأخلاق الحميدة...، وتقويم وتعزيز سلوكياته، فالأسرة تعد الموجه والمرشد، الذي يقدم العناية للطفل، كما أيضا المربي (ة) يعتبر الشريك الأساسي في عملية تربية الناشئة، لذا
فالتربية الوالدية، كمفهوم حديث أتى من أجل تحقيق هذه العملية، دون تضارب وتعارض في طرق ومنهجية التربية، من خلال تحقيق التوافق والتكامل، بين الوالدين والمدرسة، وهذه العلاقة، كانت محط نظر الباحثين التربويين، لأنها من الأولويات في كل المستويات. إن نجاح التعلم ليس رهين بالمدرسة فقط، بل أيضا بدرجة وعي الوالدين بالأمور التربوية والبرامج التعليمية، بحيث مشاركة الأسرة،                                         يؤثر إيجابا على الجانب الثقافي والمعرفي والسيكولوجي لناشئة، مما سيؤدي إلى بناء مجتمع متماسك وحضاري، يعي بأهمية المدرسة وخصائصها ومناهجها التربوية.
لذلك ارتكزت هذه المصوغة على الدور المهم الذي يتمثل في مساعدة الوالدين في تربية الأطفال بطريقة سليمة وصحيحة، عن طريق توعيتهم وتثقيفهم بأساليب ومنهجية وطرق ووسائل تربوية، عبر المربي، لكونه يعرف وله دراية بمجال الطفولة ومراحلها، عن طريق إشراك الوالدين في البرامج والورشات ولقاءات التواصلية...",lll,"تعريف التربية الوالدية,""QUIZ 1.تعريف التربية الوالدية"",""أهمية وأهداف التربية الوالدية"",""QUIZ 2.أهمية وأهداف التربية الوالدية"",""I أساليب نجاح التربية الوالدية"",""QUIZ 3. I أساليب نجاح التربية الوالدية"",""II أساليب نجاح التربية الوالدية"",""QUIZ 4. II أساليب نجاح التربية الوالدية"",""مشاركة الآباء وأولياء الأمور في العملية التعليمية التعلمية"",""QUIZ 5.مشاركة الآباء وأوليا"
نظريات التعلم,FMPS_C004,"تُعد نظريات التعلم إطاراً علمياً يفسر كيفية اكتساب الأطفال للمعرفة وتطوير مهاراتهم، كما تُرشد الممارسات التربوية لضمان تعلم فعّال وشامل وتشكل هذه النظريات أساساً مهماً لمربي التعليم الأولي، حيث تمكنه من فهم العوامل النفسية والاجتماعية والمعرفية المؤثرة في التعلم، مما يساعده على تصميم أنشطة تربوية تلائم خصائص الأطفال النمائية واحتياجاتهم الفردية.
ففهم هذه النظريات يساعد المربي في خلق بيئة تعليمية ديناميكية تراعي الفروق الفردية وتحقق التكامل بين النمو المعرفي والعاطفي والاجتماعي للطفل. بالإضافة إلى ذلك، تحمي المربي من الممارسات العشوائية والعنف التربوي غير الواعي من خلال تبني منهجية علمية واضحة. باختصار، تمثل هذه النظريات جسراً بين الجانب النظري والتطبيقي، مما يضمن تعليماً أولياً ينمي قدرات الأطفال ويعزز فرص نجاحهم المستقبلية وفقاً لمعايير التربية الحديثة.",lll,"""تعريف نظريات التعلم واهميتها"",""QUIZ 1.تعريف نظريات التعلم واهميتها"",""النظرية السلوكية"",""QUIZ 2.النظرية السلوكية"",""التطبيق البيداغوجي للنظرية السلوكية"",""QUIZ 3.التطبيق البيداغوجي للنظرية السلوكية"",""النظرية البنائية"",""QUIZ 4.النظرية البنائية"",""التطبيق البيداغوجي للنظرية البنائية"",""QUIZ 5.التطبيق البيداغوجي للنظرية البنائية"",""النظرية الجشطالتية"",""QUIZ 6"