code,quiz_name,questions,max_attempts,language,quiz_type
FMPS_C001_QG1_002,التواصل المهني  الاختبار النهائي,"FMPS_C001_QG1_Q1_002,FMPS_C001_QG1_Q2_002,FMPS_C001_QG1_Q3_002,FMPS_C001_QG1_Q4_002,FMPS_C001_QG1_Q5_002,FMPS_C001_QG1_Q7_002,FMPS_C001_QG1_Q8_002,FMPS_C001_QG1_Q9_002,FMPS_C001_QG1_Q10_002,FMPS_C001_QG1_Q11_002,FMPS_C001_QG1_Q12_002,FMPS_C001_QG1_Q13_002,FMPS_C001_QG1_Q14_002,FMPS_C001_QG1_Q15_002,FMPS_C001_QG1_Q16_002,FMPS_C001_QG1_Q17_002,FMPS_C001_QG1_Q18_002,FMPS_C001_QG1_Q19_002,FMPS_C001_QG1_Q20_002,FMPS_C001_QG1_Q21_002,FMPS_C001_QG1_Q22_002,FMPS_C001_QG1_Q23_002,FMPS_C001_QG1_Q24_002,FMPS_C001_QG1_Q25_002,FMPS_C001_QG1_Q26_002,FMPS_C001_QG1_Q27_002,FMPS_C001_QG1_Q28_002,FMPS_C001_QG1_Q29_002,FMPS_C001_QG1_Q30_002,FMPS_C001_QG1_Q31_002,FMPS_C001_QG1_Q32_002",2,Arabic,assess
FMPS_C006_QG6_002,الملصقات التربوية  2024  الاختبار النهائي,"FMPS_C006_QG6_Q1_002,FMPS_C006_QG6_Q2_002,FMPS_C006_QG6_Q3_002",2,Arabic,assess
FMPS_C006_QG6_002,الملصقات التربوية  2024 الاختبار النهائي,"FMPS_C006_QG6_Q4_002,FMPS_C006_QG6_Q5_002,FMPS_C006_QG6_Q6_002,FMPS_C006_QG6_Q7_002,FMPS_C006_QG6_Q8_002,FMPS_C006_QG6_Q9_002,FMPS_C006_QG6_Q10_002,FMPS_C006_QG6_Q11_002,FMPS_C006_QG6_Q12_002,FMPS_C006_QG6_Q13_002,FMPS_C006_QG6_Q14_002,FMPS_C006_QG6_Q15_002,FMPS_C006_QG6_Q16_002,FMPS_C006_QG6_Q17_002,FMPS_C006_QG6_Q18_002,FMPS_C006_QG6_Q19_002,FMPS_C006_QG6_Q20_002,FMPS_C006_QG6_Q21_002,FMPS_C006_QG6_Q22_002,FMPS_C006_QG6_Q23_002,FMPS_C006_QG6_Q24_002,FMPS_C006_QG6_Q25_002,FMPS_C006_QG6_Q26_002,FMPS_C006_QG6_Q27_002,FMPS_C006_QG6_Q28_002,FMPS_C006_QG6_Q29_002,FMPS_C006_QG6_Q30_002,FMPS_C006_QG6_Q31_002,FMPS_C006_QG6_Q32_002,FMPS_C006_QG6_Q33_002,FMPS_C006_QG6_Q34_002,FMPS_C006_QG6_Q35_002,FMPS_C006_QG6_Q36_002,FMPS_C006_QG6_Q37_002,FMPS_C006_QG6_Q38_002,FMPS_C006_QG6_Q39_002,FMPS_C006_QG6_Q40_002,FMPS_C006_QG6_Q41_002,FMPS_C006_QG6_Q42_002,FMPS_C006_QG6_Q43_002,FMPS_C006_QG6_Q44_002,FMPS_C006_QG6_Q45_002,FMPS_C006_QG6_Q46_002,FMPS_C006_QG6_Q47_002,FMPS_C006_QG6_Q48_002,FMPS_C006_QG6_Q49_002,FMPS_C006_QG6_Q50_002,FMPS_C006_QG6_Q51_002,FMPS_C006_QG6_Q52_002,FMPS_C006_QG6_Q53_002,FMPS_C006_QG6_Q54_002,FMPS_C006_QG6_Q55_002,FMPS_C006_QG6_Q56_002,FMPS_C006_QG6_Q57_002,FMPS_C006_QG6_Q58_002,FMPS_C006_QG6_Q59_002,FMPS_C006_QG6_Q60_002,FMPS_C006_QG6_Q61_002,FMPS_C006_QG6_Q62_002,FMPS_C006_QG6_Q63_002,FMPS_C006_QG6_Q64_002,FMPS_C006_QG6_Q65_002,FMPS_C006_QG6_Q66_002,FMPS_C006_QG6_Q67_002,FMPS_C006_QG6_Q68_002,FMPS_C006_QG6_Q69_002,FMPS_C006_QG6_Q70_002,FMPS_C006_QG6_Q71_002",2,Arabic,assess
FMPS_C025_QG25_002,الصحة ورفاه الطفل الاختبار النهائي,"FMPS_C025_QG25_Q1_002,FMPS_C025_QG25_Q2_002,FMPS_C025_QG25_Q3_002,FMPS_C025_QG25_Q4_002,FMPS_C025_QG25_Q5_002,FMPS_C025_QG25_Q6_002,FMPS_C025_QG25_Q7_002,FMPS_C025_QG25_Q8_002,FMPS_C025_QG25_Q9_002,FMPS_C025_QG25_Q10_002,FMPS_C025_QG25_Q11_002,FMPS_C025_QG25_Q12_002,FMPS_C025_QG25_Q13_002,FMPS_C025_QG25_Q14_002,FMPS_C025_QG25_Q15_002,FMPS_C025_QG25_Q16_002,FMPS_C025_QG25_Q17_002,FMPS_C025_QG25_Q18_002,FMPS_C025_QG25_Q19_002,FMPS_C025_QG25_Q20_002,FMPS_C025_QG25_Q21_002,FMPS_C025_QG25_Q22_002,FMPS_C025_QG25_Q23_002,FMPS_C025_QG25_Q24_002,FMPS_C025_QG25_Q25_002,FMPS_C025_QG25_Q26_002,FMPS_C025_QG25_Q27_002,FMPS_C025_QG25_Q28_002,FMPS_C025_QG25_Q29_002,FMPS_C025_QG25_Q30_002,FMPS_C025_QG25_Q31_002,FMPS_C025_QG25_Q32_002,FMPS_C025_QG25_Q33_002,FMPS_C025_QG25_Q34_002,FMPS_C025_QG25_Q35_002,FMPS_C025_QG25_Q36_002,FMPS_C025_QG25_Q37_002,FMPS_C025_QG25_Q38_002,FMPS_C025_QG25_Q39_002,FMPS_C025_QG25_Q40_002,FMPS_C025_QG25_Q41_002",2,Arabic,assess
