course_code,video_name,video_code,framework_languages,content_url,doID
FMPS_C001,التواصل المهني,FMPS_C001_V01,"arabic;english,french",https://drive.google.com/file/d/1YxYbGL0octT3sHg3AhgHw_W6u6j536I1/view?usp=drive_link,do_2143197178119454721222
FMPS_C001,التواصل المهني الفعال,FMPS_C001_V02,"arabic;english,french",https://drive.google.com/file/d/1xNxLyUsCV4d3Sg9yisJBj6U35T_B-90N/view?usp=drive_link,do_2143197179518320641223
FMPS_C001,التعرف على مهارات التواصل المهني,FMPS_C001_V03,"arabic;english,french",https://drive.google.com/file/d/1Vvem-xoB9SpYlAevSYogOEEN0gwzFk4Y/view?usp=drive_link,do_2143197181111992321224
FMPS_C001,تحديد اشكال التواصل المهني,FMPS_C001_V04,"arabic;english,french",https://drive.google.com/file/d/1Duipsygc2DvZOCC7UGKhFlV6lMK3RDoe/view?usp=drive_link,do_2143197182655692801225
FMPS_C002,تقديم وتعريف,FMPS_C002_V01,"arabic;english,french",https://drive.google.com/file/d/1NKLpkz_8C31woukFwvfoAEynIvw1epdc/view?usp=drive_link,do_2143197184197754881226
FMPS_C002,مبادئ التواصل الغير العنيف,FMPS_C002_V02,"arabic;english,french",https://drive.google.com/file/d/11DG1dg7Uzx549hKnhWiX7BcoUeG_vxp1/view?usp=drive_link,do_2143197185478410241227
FMPS_C002,علاقة الذكاء العاطفي بالتواصل الغير العنيف,FMPS_C002_V03,"arabic;english,french",https://drive.google.com/file/d/1172iIZWOfgWb7t90Y0K8zNFo_e7Mfngj/view?usp=drive_link,do_2143197186790604801228
FMPS_C002,كيف ينمي المربي مهارات التواصل غير العنيف عند الاطفال,FMPS_C002_V04,"arabic;english,french",https://drive.google.com/file/d/1WuaaUNT3y4q-sLVgxFoUpzlkqR56h4IQ/view?usp=drive_link,do_2143197188127129601229
FMPS_C003,تعريف التربية الوالدية,FMPS_C003_V01,"arabic;english,french",https://drive.google.com/file/d/19zxNklX2pIjN74ppUWk-GUr4dN9ZzH_G/view?usp=drive_link,do_2143197189402378241230
FMPS_C003,أهمية وأهداف التربية الوالدية,FMPS_C003_V02,"arabic;english,french",https://drive.google.com/file/d/1YptohzrIdIDrrLfHip03Y00SyqdhXjm6/view?usp=drive_link,do_2143197190762414081231
FMPS_C003,I أساليب نجاح التربية الوالدية,FMPS_C003_V03,"arabic;english,french",https://drive.google.com/file/d/1jL4QN0aU9SWtSjfMBFf8fc5MOgRHY9oK/view?usp=drive_link,do_2143197192328560641232
FMPS_C003,II أساليب نجاح التربية الوالدية,FMPS_C003_V04,"arabic;english,french",https://drive.google.com/file/d/1j26FuKFZ_D4sK7utMiBuznYMW-YIDzaS/view?usp=drive_link,do_2143197193785589761233
FMPS_C003,مشاركة الآباء وأولياء الأمور في العملية التعليمية التعلمية,FMPS_C003_V05,"arabic;english,french",https://drive.google.com/file/d/16-v8dAKBNWl0a18nYnB6R3U-Qb9ntxN3/view?usp=drive_link,do_2143197195222466561234
FMPS_C003,فوائد مشاركة الآباء وأولياء الأمور في العملية التعليمية التعلمية,FMPS_C003_V06,"arabic;english,french",https://drive.google.com/file/d/1Wr6zokc_wRx4gyXYOgKJk2oQkJH6UEbt/view?usp=drive_link,do_2143197196777390081235
FMPS_C004,تعريف نظريات التعلم واهميتها,FMPS_C004_V01,"arabic;english,french",https://drive.google.com/file/d/1gIVQdvWiGZqMxyt6WskIegLlgIlMLd5K/view?usp=drive_link,do_2143197198435450881236
FMPS_C004,النظرية السلوكية,FMPS_C004_V02,"arabic;english,french",https://drive.google.com/file/d/1ChYINd0_NKthFBDpuTdJIjcFg7DrN7ry/view?usp=drive_link,do_2143197199655075841237
FMPS_C004,التطبيق البيداغوجي للنظرية السلوكية,FMPS_C004_V03,"arabic;english,french",https://drive.google.com/file/d/11McgijhN26uvW4hc4ihI8BrSIUZu0q8R/view?usp=drive_link,do_2143197200984145921238
FMPS_C004,النظرية البنائية,FMPS_C004_V04,"arabic;english,french",https://drive.google.com/file/d/12gjq3FV0FKvpsUm6ul4J2Slqlw6qgFSr/view?usp=drive_link,do_2143197202399150081239
FMPS_C004,التطبيق البيداغوجي للنظرية البنائية,FMPS_C004_V05,"arabic;english,french",https://drive.google.com/file/d/1eeUkSEE4HNIVJFAsXVqvSCqSJ58_R03G/view?usp=drive_link,do_2143197203745505281240
FMPS_C004,النظرية الجشطالتية,FMPS_C004_V06,"arabic;english,french",https://drive.google.com/file/d/1Fh-ZGbavixJH7GEgaq1jFrb2MRpOmeds/view?usp=drive_link,do_2143197204968488961241
FMPS_C004,التطبيق البيداغوجي للنظرية الجشطلتية,FMPS_C004_V07,"arabic;english,french",https://drive.google.com/file/d/1OxVboD8ZVf9JKKXgmu7UmFxAVZWp-EDM/view?usp=drive_link,do_2143197206243737601242
FMPS_C004,النظرية السوسيوبنائية,FMPS_C004_V08,"arabic;english,french",https://drive.google.com/file/d/10GovfavLWGkpe6ES_uOn8G0XvSfs7fUC/view?usp=drive_link,do_2143197207476961281243
FMPS_C004,كيفية التطبيق البيداغوجي للنظرية السوسيوبنائية,FMPS_C004_V09,"arabic;english,french",https://drive.google.com/file/d/1GTsONIxoJVPFJ99zUeSrqTN2aKK57kAE/view?usp=drive_link,do_2143197208678809601244
FMPS_C004,النظرية المعرفية,FMPS_C004_V10,"arabic;english,french",https://drive.google.com/file/d/1vekWao-XjO7XIE3fEk0fYoUcfhj5BVLh/view?usp=drive_link,do_2143197209892044801245
FMPS_C004,مبادئ واسس النظرية المعرفية,FMPS_C004_V11,"arabic;english,french",https://drive.google.com/file/d/1FnOtBl8keE9128uHvljKpqbtzWnQfPWF/view?usp=drive_link,do_2143197211067105281246
FMPS_C004,خلاصة لنظريات التعلم,FMPS_C004_V12,"arabic;english,french",https://drive.google.com/file/d/1v1ZU4hjg6MAT4PUdU97qqcCVBkB_6aO_/view?usp=drive_link,do_2143197212350300161247
FMPS_C005,مقدمة,FMPS_C005_V01,"arabic;english,french",https://drive.google.com/file/d/1DntvAiNZODiXY-OCmxm119tTAB3f3XsT/view?usp=drive_link,do_2143197213542563841248
FMPS_C005,سلوك الكدب عند الطفل,FMPS_C005_V02,"arabic;english,french",https://drive.google.com/file/d/1axK7sG1gm68BEcwM3NWa7uugnsB5O8pM/view?usp=drive_link,do_2143197218658713601249
FMPS_C005,سلوك العناد عند الطفل,FMPS_C005_V03,"arabic;english,french",https://drive.google.com/file/d/1NC0h6-4bqPHQWIpb6sNtB7TH20yQsVo3/view?usp=drive_link,do_2143197224254750721250
FMPS_C005,سلوك العدوانية عند الطفل,FMPS_C005_V04,"arabic;english,french",https://drive.google.com/file/d/1SY0YGbG2HXYjwu5DYx98XW8DfV_5k1MV/view?usp=drive_link,do_2143197228302909441251
FMPS_C005,سلوك الألفاظ النابية عند الأطفال,FMPS_C005_V05,"arabic;english,french",https://drive.google.com/file/d/1X1WOjS5NmXH7q7MtQqBsjkJ04n3seWBC/view?usp=drive_link,do_2143197239210885121252
FMPS_C005,سلوك السرقة عند الطفل,FMPS_C005_V06,"arabic;english,french",https://drive.google.com/file/d/1AesStgOPtwu5_zyyAQ0L7noi_WVjZiYJ/view?usp=drive_link,do_2143197242951843841253
FMPS_C005,سلوك الخجل عند الطفل,FMPS_C005_V07,"arabic;english,french",https://drive.google.com/file/d/1LkiRHYqu-x2g-VRSCKR2SI9_E0wqj4MO/view?usp=drive_link,do_2143197249078231041254
FMPS_C005,سلوك العصبية عند الطفل,FMPS_C005_V08,"arabic;english,french",https://drive.google.com/file/d/1YpTD69_hLNE7CSjkayYDxKjqfbb9eeYG/view?usp=drive_link,do_2143197258819010561255
FMPS_C005,سلوك القلق و الخوف عند الطفل,FMPS_C005_V09,"arabic;english,french",https://drive.google.com/file/d/17WXs6EF-yzvRZqwW23A3H2u3kb1gAeL2/view?usp=drive_link,do_2143197267879444481256
FMPS_C005,سلوك رهاب المدرسة عند الطفل,FMPS_C005_V10,"arabic;english,french",https://drive.google.com/file/d/1G9-NInva9B6OIUDxvSlLte2b-ORGGPYT/view?usp=drive_link,do_2143197281186201601257
FMPS_C006,مقدمة أنواع الملصقات,FMPS_C006_V01,"arabic;english,french",https://drive.google.com/file/d/1rMYyVKF_wajOqGh4bgeptYEZ7yPKH09j/view?usp=drive_link,do_2143197285114019841258
FMPS_C006,ملصق الحضور,FMPS_C006_V02,"arabic;english,french",https://drive.google.com/file/d/12G4rqg1QqUx7sWC9afLMpmsBksIab36O/view?usp=drive_link,do_2143197286645104641259
FMPS_C006,مبدأ التدرج الخاص بملصق الحضور,FMPS_C006_V03,"arabic;english,french",https://drive.google.com/file/d/1P50yepJaro2Qpkvg0oQM7aMw6In2mo7d/view?usp=drive_link,do_2143197288347729921260
FMPS_C006,ملصق المسؤوليات,FMPS_C006_V04,"arabic;english,french",https://drive.google.com/file/d/13sSELOWDSbHPFRAf4dvEu1QpPPuBpi31/view?usp=drive_link,do_2143197289801072641261
FMPS_C006,ملصق اليومية,FMPS_C006_V05,"arabic;english,french",https://drive.google.com/file/d/1xlUn-6rjLWvpzOlrltf2F0ypLzFf4P-E/view?usp=drive_link,do_2143197291125391361262
FMPS_C006,مبدأ التدرج الخاص بملصق اليومية,FMPS_C006_V06,"arabic;english,french",https://drive.google.com/file/d/1VThscV0JGCFcteohqSqrBZA0qhRJbkGH/view?usp=drive_link,do_2143197292777308161263
FMPS_C006,ملصق حالة الطقس,FMPS_C006_V07,"arabic;english,french",https://drive.google.com/file/d/1wReMu-YSCcD1OepVLMnBWA5MFvnIznxh/view?usp=drive_link,do_2143197294460846081264
FMPS_C006,مبدأ التدرج الخاص بملصق حالة الطقس,FMPS_C006_V08,"arabic;english,french",https://drive.google.com/file/d/1tm2QNO8bXvu1xbpPhCumcj76BMwH7DCP/view?usp=drive_link,do_2143197295923855361265
FMPS_C006,ملصق فصول السنة+ملصق الاعداد+ملصق الحروف الهجائية,FMPS_C006_V09,"arabic;english,french",https://drive.google.com/file/d/1UyIdPNBB0u5UWP2997mdCGZfhZFEZmYh/view?usp=drive_link,do_2143197297295523841266
FMPS_C006,ملصق الالوان,FMPS_C006_V10,"arabic;english,french",https://drive.google.com/file/d/1gh2gm9ZyQ72yPmN517g9J7QX4_OKF8HG/view?usp=drive_link,do_2143197298838978561267
FMPS_C006,ملصق قواعد العيش,FMPS_C006_V11,"arabic;english,french",https://drive.google.com/file/d/1ZuggU1s6FNT3dxko9OwQqzc9XsJp4mC0/view?usp=drive_link,do_2143197300160839681268
FMPS_C007,مفهوم التخطيط و أهدافه,FMPS_C007_V01,"arabic;english,french",https://drive.google.com/file/d/12sBaXRS7FwymVSu6Hn5iP9gkM2gFXY5T/view?usp=drive_link,do_2143197301540536321269
FMPS_C007,أنواع و أنشطة التخطيط,FMPS_C007_V02,"arabic;english,french",https://drive.google.com/file/d/1CnWG54aAgBsnB8rw0u65qoE6uqtveJzf/view?usp=drive_link,do_2143197303104798721270
FMPS_C007,التحكم الحركي,FMPS_C007_V03,"arabic;english,french",https://drive.google.com/file/d/1bRC3Vl8Z5g5efqEF9t06JK0PSq0G_Enb/view?usp=drive_link,do_2143197304927928321271
FMPS_C007,مراحل اكتساب التحكم الحركي,FMPS_C007_V04,"arabic;english,french",https://drive.google.com/file/d/1EJgc9AyZdHsgvAUJ6RMgGut2HrEyP8Mb/view?usp=drive_link,do_2143197306602782721272
FMPS_C007,محور التطبيقي للتخطيط,FMPS_C007_V05,"arabic;english,french",https://drive.google.com/file/d/16oWDDSOb6cPi04NfiOVDHYuuD3s1rO_z/view?usp=drive_link,do_2143197308256174081273
FMPS_C008,العلاقة بين اللعب و التعلمات,FMPS_C008_V01,"arabic;english,french",https://drive.google.com/file/d/1VExts4utzTrEC2oFteg3XrwZSzdM3J49/view?usp=drive_link,do_2143197309595893761274
FMPS_C008,تعريف بيداغوجية اللعب,FMPS_C008_V02,"arabic;english,french",https://drive.google.com/file/d/1iHlILCO-UIlcybmO5cR-etf4nPV3MOTI/view?usp=drive_link,do_2143197311073320961275
FMPS_C008,أهداف الألعاب التربوية في التعليم الأولي,FMPS_C008_V03,"arabic;english,french",https://drive.google.com/file/d/1c87gDegt_N33NMrg5lJj8oRUKPPbBN7t/view?usp=drive_link,do_2143197312399769601276
FMPS_C008,الألعاب التربوية التي يمكن استثمارها في قسم للتعليم الأولي,FMPS_C008_V04,"arabic;english,french",https://drive.google.com/file/d/11pghkB-wnJLaCM7mdBMCfM5UThLf-o2M/view?usp=drive_link,do_2143197313849835521277
FMPS_C008,الألعاب الحسية في التعليم الأولي,FMPS_C008_V05,"arabic;english,french",https://drive.google.com/file/d/1mMsrWwiaSuhi7ghYo3DPfJ-TtEgqqu9m/view?usp=drive_link,do_2143197315251568641278
FMPS_C008,الألعاب الحسية في التي يمكن استثمارها في قسم التعليم الأولي,FMPS_C008_V06,"arabic;english,french",https://drive.google.com/file/d/1Jxgfy1x2REPE5J0gvKrctoOSXz-ls9ZI/view?usp=drive_link,do_2143197316645355521279
FMPS_C008,الألعاب الشعبية و أهدافها في التعليم الأولي,FMPS_C008_V07,"arabic;english,french",https://drive.google.com/file/d/1d9Mb7hkGVW965Z-EV5gBfiqLGUUsg0gp/view?usp=drive_link,do_2143197317995315201280
FMPS_C008,الالعاب اللغوية و أهدافها في التعليم الأولي,FMPS_C008_V08,"arabic;english,french",https://drive.google.com/file/d/1f2RshSu8vezRFyLvllKAGhvamJMteYN5/view?usp=drive_link,do_2143197319415316481281
FMPS_C008,الالعاب اللغوية التي يمكن استثمارها في قسم للتعليم الأولي,FMPS_C008_V09,"arabic;english,french",https://drive.google.com/file/d/1SQFv8mJVbgK-qYxO2Z5-nOBoWjd_FJOG/view?usp=drive_link,do_2143197320687288321282
FMPS_C009,الأنشطة الإبداعية في التعليم الأولي,FMPS_C009_V01,"arabic;english,french",https://drive.google.com/file/d/1_D7D5f7WS7rdnd1sbacqftemO7FNOudx/view?usp=drive_link,do_2143197322137108481283
FMPS_C009,دور الأنشطة الإبداعية في تنمية الإبداع لذا الطفل,FMPS_C009_V02,"arabic;english,french",https://drive.google.com/file/d/1QvxpzgynNMZpAAjmRLncV8q6wc7OHF1a/view?usp=drive_link,do_2143197323470929921284
FMPS_C009,دور المربي في تنمية الإبداع لذا الطفل,FMPS_C009_V03,"arabic;english,french",https://drive.google.com/file/d/17gF0cv0gA6J-iLrNeeCNzRJl1l1L-BQr/view?usp=drive_link,do_2143197324790333441285
FMPS_C009,ربط الأنشطة الإبداعية والأنشطة التعليمية للطفل,FMPS_C009_V04,"arabic;english,french",https://drive.google.com/file/d/1jC61_5uO9K_SrebwWNyPIe4Zu2Shjyf9/view?usp=drive_link,do_2143197326072791041286
FMPS_C009,تقنيات توظيف الأنشطة الإبداعية في التعليم الأولي,FMPS_C009_V05,"arabic;english,french",https://drive.google.com/file/d/1DXY5_lCP4T7l7jDdw1wq29VdbUT47CQ5/view?usp=drive_link,do_2143197327427092481287
FMPS_C010,التفتح اللغوي في مرحلة التعليم الأولي,FMPS_C010_V01,"arabic;english,french",https://drive.google.com/file/d/1tnfHB4eNlNVuV4hibhW-ZIvhgJM938a1/view?usp=drive_link,do_2143197328732733441288
FMPS_C010,التفتح اللغوي وتعلم اللغات,FMPS_C010_V02,"arabic;english,french",https://drive.google.com/file/d/1aIKyIIbgkRNjQCODEPO-goNdO1ZVoGVm/view?usp=drive_link,do_2143197330376867841289
FMPS_C010,كيفية التفاعل مع الأطفال بإستخدام اللغات,FMPS_C010_V03,"arabic;english,french",https://drive.google.com/file/d/1bVJPiyq78QCuYuSsZFWO-c9VaUyMRSi2/view?usp=drive_link,do_2143197331800064001290
FMPS_C010,التفتح اللغوي عمليا,FMPS_C010_V04,"arabic;english,french",https://drive.google.com/file/d/1VijJcSfQNeFCHXVUMCiPRF6qN30ZK8k0/view?usp=drive_link,do_2143197333345566721291
FMPS_C010,خاتمة,FMPS_C010_V05,"arabic;english,french",https://drive.google.com/file/d/1vBhSVj6DBNF_nDrO3UfxmCgZI7KHd81i/view?usp=drive_link,do_2143197334804971521292
FMPS_C011,الاستعداد للقراءة في مرحلة التعليم الأولي,FMPS_C011_V01,"arabic;english,french",https://drive.google.com/file/d/1Fvh2X-e4FbDn4Rw13JzQsy8kNq3nPbKS/view?usp=drive_link,do_2143197336046387201293
FMPS_C011,التعرف على مهارات القراءة,FMPS_C011_V02,"arabic;english,french",https://drive.google.com/file/d/1yp5CDLH4mfpCu933G6aU3KnmEaiFyif8/view?usp=drive_link,do_2143197337444515841294
FMPS_C011,التعرف على وضعيات استمرارية مهارة القراءة,FMPS_C011_V03,"arabic;english,french",https://drive.google.com/file/d/11YP0nHRrlynE4lA3DIADjd8ZRqtqn24R/view?usp=drive_link,do_2143197338813562881295
FMPS_C011,أنواع الصور التعليمية,FMPS_C011_V04,"arabic;english,french",https://drive.google.com/file/d/1bE8ZVRaRtuognIredAMhc3-JM0oCMox5/view?usp=drive_link,do_2143197340160491521296
FMPS_C011,دور المربي في تطوير مهارة القراءة لذى الطفل,FMPS_C011_V05,"arabic;english,french",https://drive.google.com/file/d/11Zq5JPuSXkjxgjemXc-iPOfjaROIXY2_/view?usp=drive_link,do_2143197341727784961297
FMPS_C012,مقدمة,FMPS_C012_V01,"arabic;english,french",https://drive.google.com/file/d/1hHzx-ZygC34AdqoRabUEYbohthAJgrhS/view?usp=drive_link,do_2143197343091425281298
FMPS_C012,تنمية مهارات التفتح العلمي و التكنولوجي عند الطفل,FMPS_C012_V02,"arabic;english,french",https://drive.google.com/file/d/1CJOTlfI37no--gzvU_JqG4i2dZyo2dvl/view?usp=drive_link,do_2143197348226908161299
FMPS_C012,إعداد وتنفيد انشطة التفتح العلمي والتكنولوجي,FMPS_C012_V03,"arabic;english,french",https://drive.google.com/file/d/1LaOWKpFxzvn0SGKoKCnrpL6sQKDJmUlr/view?usp=drive_link,do_2143197349969510401300
FMPS_C012,انشطة التفتح العلمي,FMPS_C012_V04,"arabic;english,french",https://drive.google.com/file/d/1cKX7K4XhYRjIElsWxa1BXNp7IZqEuLvg/view?usp=drive_link,do_2143197351532134401301
FMPS_C012,انشطة التفتح التكنولوجي,FMPS_C012_V05,"arabic;english,french",https://drive.google.com/file/d/1U-vgKC1_BvCW_A0G6UiGFUKSbGJTR4VW/view?usp=drive_link,do_2143197352930181121302
FMPS_C013,التربية النفسية الحركية,FMPS_C013_V01,"arabic;english,french",https://drive.google.com/file/d/1bMiE9r6uxR9esKa0NiGqOa7d4amGWl5i/view?usp=drive_link,do_2143197354397859841303
FMPS_C013,أهداف التربية النفسية الحركية,FMPS_C013_V02,"arabic;english,french",https://drive.google.com/file/d/1o7aq7IlZcB9z95u12JRLtIuiR-Ut9mj6/view?usp=drive_link,do_2143197355838177281304
FMPS_C013,لعبة القط والفأر,FMPS_C013_V03,"arabic;english,french",https://drive.google.com/file/d/1JpScTCyG21R1DrvSXM4BRhl4TPTzKzLJ/view?usp=drive_link,do_2143197357201162241305
FMPS_C013,لعبة متاهة الصلصال,FMPS_C013_V04,"arabic;english,french",https://drive.google.com/file/d/1k38PrlRPcmL7eOsimmPbF0u7IkktUA9e/view?usp=drive_link,do_2143197358713896961306
FMPS_C013,لعبة الثعلب الهارب,FMPS_C013_V05,"arabic;english,french",https://drive.google.com/file/d/1PkfPZztuLYmzB1iR6m3A0LYS3Er3vpET/view?usp=drive_link,do_2143197360278487041307
FMPS_C013,لعبة كرة الأصدقاء,FMPS_C013_V06,"arabic;english,french",https://drive.google.com/file/d/18rhSlGZ2nehSHVfntym0umBtxUxcn_9-/view?usp=drive_link,do_2143197361958092801308
FMPS_C014,النمو الاجتماعي العاطفي في مرحلة التعليم الأولي,FMPS_C014_V01,"arabic;english,french",https://drive.google.com/file/d/1Hb6XA-XeInL--EeH-99LVRlD5BftKLPX/view?usp=drive_link,do_2143197363396034561309
FMPS_C014,أهمية العواطف في التعلم ونمو الطفل,FMPS_C014_V02,"arabic;english,french",https://drive.google.com/file/d/11K6lXzLbLZiMiEKR0IgGlB3LKfvcJi3C/view?usp=drive_link,do_2143197365175336961310
FMPS_C014,الذكاء العاطفي في مرحلة التعليم الأولي,FMPS_C014_V03,"arabic;english,french",https://drive.google.com/file/d/15gaVGhDVBUj9j_pwMFUPEYKltzOUiqTW/view?usp=drive_link,do_2143197367483924481311
FMPS_C014,تقييم التطور الاجتماعي والعاطفي في مرحلة التعليم الأولي,FMPS_C014_V04,"arabic;english,french",https://drive.google.com/file/d/11kwFh6j7NSRR-QgrRsGFUSs0WR5uLqV7/view?usp=drive_link,do_2143197369905233921312
FMPS_C014,الإجراءات والتدخلات في التعلم الاجتماعي العاطفي,FMPS_C014_V05,"arabic;english,french",https://drive.google.com/file/d/1UqNEQlPnPhRwF6GGiMFEOGoQ-QGfpfNE/view?usp=drive_link,do_2143197371850833921313
FMPS_C015,المقدمة,FMPS_C015_V01,"arabic;english,french",https://drive.google.com/file/d/1egmeWMYBydsODwQ56VCApVU9i6kEOk1e/view?usp=drive_link,do_2143197373698621441314
FMPS_C015,جوانب الهوية المهنية,FMPS_C015_V02,"arabic;english,french",https://drive.google.com/file/d/1B2WxCsJ11za-FY-b3roRKvkWZ48SW1jU/view?usp=drive_link,do_2143197382588825601315
FMPS_C015,مكونات الهوية المهنية,FMPS_C015_V03,"arabic;english,french",https://drive.google.com/file/d/1vYXCvuiE67FXGKAWrM1K_gZBua0XUYiE/view?usp=drive_link,do_2143197384999403521316
FMPS_C015,مراحل تكوين المهارة,FMPS_C015_V04,"arabic;english,french",https://drive.google.com/file/d/1PHTgzJXSnE6-5ES11GnBgIXKGMrCrXca/view?usp=drive_link,do_2143197389117440001317
FMPS_C015,أهم مهارات مربي التعليم الأولي,FMPS_C015_V05,"arabic;english,french",https://drive.google.com/file/d/1Wh3lvLT7OVkbaw6gZwVnB0ThBNa3yKya/view?usp=drive_link,do_2143197391579791361318
FMPS_C015,كيف يمكن للمربي تطوير مهارته,FMPS_C015_V06,"arabic;english,french",https://drive.google.com/file/d/1tGtR7BCHZic5ebksjzuUvby-94NrMw2w/view?usp=drive_link,do_2143197396423475201319
FMPS_C015,أهم أهداف تطوير الهوية المهنية للمربي,FMPS_C015_V07,"arabic;english,french",https://drive.google.com/file/d/1nXKykU5GUZTJwtxZYhEc5cOug_xJduo0/view?usp=drive_link,do_2143197399739760641320
FMPS_C015,نصائح لتطوير الهوية المهنية,FMPS_C015_V09,"arabic;english,french",https://drive.google.com/file/d/10KB0QFn-T5QWAhPb-_1jIvIxCmpw3ZN9/view?usp=drive_link,do_2143197403014922241321
FMPS_C016,التعلم المتبادل,FMPS_C016_V01,"arabic;english,french",https://drive.google.com/file/d/18vkwjNQfnRZhty9nK-F8e4mnGnu0R5wV/view?usp=drive_link,do_2143197405677895681322
FMPS_C016,التعلم عن طريق البرهنة,FMPS_C016_V02,"arabic;english,french",https://drive.google.com/file/d/1oexgxMNrvnlsKTophjkK7vgLMhXd5CQi/view?usp=drive_link,do_2143197407212011521323
FMPS_C016,التعلم عبر السياق,FMPS_C016_V03,"arabic;english,french",https://drive.google.com/file/d/1alWV203F80OUXgdpcOTNQIOzTgqzpGVD/view?usp=drive_link,do_2143197408642662401324
FMPS_C016,التعلم العفوي,FMPS_C016_V04,"arabic;english,french",https://drive.google.com/file/d/1BE4VP_RTmRRCQQazv2_eVBHyghVHhUxn/view?usp=drive_link,do_2143197410032271361325
FMPS_C018,مفهوم التربية البيئية,FMPS_C018_V01,"arabic;english,french",https://drive.google.com/file/d/1CvfOMXmwK_FTgA3hLDlS5rrLHjNDEJai/view?usp=drive_link,do_2143197411488972801326
FMPS_C018,أهمية التربية البيئية و أهدافها,FMPS_C018_V02,"arabic;english,french",https://drive.google.com/file/d/15haJYhJ2M_cvfnXreggDcKfmDpecAWJ5/view?usp=drive_link,do_2143197413126307841327
FMPS_C018,استثمار التربية البيئية في قسم التعليم الأولي,FMPS_C018_V03,"arabic;english,french",https://drive.google.com/file/d/1dtI9zw8y04Dc0QvAAUVvpVHZfow571eD/view?usp=drive_link,do_2143197415094517761328
FMPS_C018,أنشطة تطبيقية مساهمة في تبني سلوكيات بيئية سليمة لدى الاطفال,FMPS_C018_V04,"arabic;english,french",https://drive.google.com/file/d/17s2iB0AuVB02C-HvvXvdHJDG9pTP8F7d/view?usp=drive_link,do_2143197416989573121330
FMPS_C018,أنشطة حول التربية البيئية,FMPS_C018_V05,"arabic;english,french",https://drive.google.com/file/d/1x8ZF25cKY_DtR78slQEqV3P3bj6qDSpq/view?usp=drive_link,do_2143197419035033601333
FMPS_C018,الانشطة التربوية المساهمة في تكوين السلوكيات السليمة,FMPS_C018_V06,"arabic;english,french",https://drive.google.com/file/d/1GJXSsaDpjTVzQMGdWfuasYGNjj-qIxeR/view?usp=drive_link,do_2143197421031505921336
FMPS_C019,التعرف على عملية التقويم في مرحلة التعليم الاولي,FMPS_C019_V01,"arabic;english,french",https://drive.google.com/file/d/1H-0cBhqbB5MX42AT2fXXnRoOy2IXbwd1/view?usp=drive_link,do_2143197422904360961339
FMPS_C019,اهمية التقويم في مرحلة التعليم الاولي,FMPS_C019_V02,"arabic;english,french",https://drive.google.com/file/d/1DYb3LDfipShwqaTxxL6aVcPVp3vLmboH/view?usp=drive_link,do_2143197424287006721341
FMPS_C019,مقاربة التقويم في مرحلة التعليم الاولي,FMPS_C019_V03,"arabic;english,french",https://drive.google.com/file/d/1YQVyPJ59cu89XENz0waXZykgtElP_D_8/view?usp=drive_link,do_2143197425712250881343
FMPS_C020,التعزيز الايجابي,FMPS_C020_V01,"arabic;english,french",https://drive.google.com/file/d/1P67YqLK-221TRWfiiP5nvpT9JpcPjO3f/view?usp=drive_link,do_2143197427196313601345
FMPS_C020,اشكال التعزيز الايجابي,FMPS_C020_V02,"arabic;english,french",https://drive.google.com/file/d/12h0xvwfhoARL777iKjczd2YOchXyqWEk/view?usp=drive_link,do_2143197428479426561348
FMPS_C020,انواع التعزيز الايجابي التربوي,FMPS_C020_V03,"arabic;english,french",https://drive.google.com/file/d/1s3EJWIbTSfX52E-pdh4EgO1nXurYJ8tu/view?usp=drive_link,do_2143197429859205121350
FMPS_C020,انواع التعزيز الايجابي التربوي,FMPS_C020_V04,"arabic;english,french",https://drive.google.com/file/d/1LgCFv0yVgfBnknroMFdDfOEVFv35aIzh/view?usp=drive_link,do_2143197431250698241352
FMPS_C020,العوامل المؤثرة في فعاليات المعززات التربوية,FMPS_C020_V05,"arabic;english,french",https://drive.google.com/file/d/1x33EeNLWS34KeC6PRt6I2xIU-9dBjV3h/view?usp=drive_link,do_2143197432645959681354
FMPS_C020,التعزيز الايجابي الاجتماعي,FMPS_C020_V06,"arabic;english,french",https://drive.google.com/file/d/1LgBV5KXAGOBox8rKgmPOXdqB8e8yNSOL/view?usp=drive_link,do_2143197434067025921357
FMPS_C020,خلاصة عامة,FMPS_C020_V07,"arabic;english,french",https://drive.google.com/file/d/1XQKP6qjyZ8NHRojstENQhLCgPTpy-HPN/view?usp=drive_link,do_2143197435300003841359
FMPS_C021,العنف التربوي الاعتيادي,FMPS_C021_V01,"arabic;english,french",https://drive.google.com/file/d/1or2OyBfJgHaUiiwXYUAez3tcELiOUThZ/view?usp=drive_link,do_2143197436532899841361
FMPS_C021,اشكال العنف التربوي,FMPS_C021_V02,"arabic;english,french",https://drive.google.com/file/d/1wIWn1_W86UDA_X6f6PXOact-hEv94WRj/view?usp=drive_link,do_2143197437783244801363
FMPS_C021,بعض الاثار السلبية للعنف التربوي الاعتيادي على الطفل,FMPS_C021_V03,"arabic;english,french",https://drive.google.com/file/d/1w42BdW14rok6k19hwoSHo0uy1E9oI083/view?usp=drive_link,do_2143197439123292161365
FMPS_C021,المعتقدات الخاطئة حول العنف التربوي,FMPS_C021_V04,"arabic;english,french",https://drive.google.com/file/d/1l2rIn43iFRXHIJA-B3PsYNQO_fa2yel_/view?usp=drive_link,do_2143197440368721921367
FMPS_C022,كيفية الحفاظ على الانضباط داخل قسم التعليم الأولي,FMPS_C022_V01,"arabic;english,french",https://drive.google.com/file/d/1QGsDExbC9RQCY6LxRX-myDJ2nvCTnQfu/view?usp=drive_link,do_2143197441581219841369
FMPS_C022,بعض الحلول المقترحة لضبط قسم التعليم الأولي,FMPS_C022_V02,"arabic;english,french",https://drive.google.com/file/d/1gdGWkajE4GFk_O0SQUom2yVAHiUOe6-1/view?usp=drive_link,do_2143197443007528961371
FMPS_C022,التعرف على الأسباب التي تؤثر على الانضباط داخل القسم,FMPS_C022_V03,"arabic;english,french",https://drive.google.com/file/d/1g0oxxJ9fVEfxRoFNhHPu5oCm9KqLj6X4/view?usp=drive_link,do_2143197444437442561373
FMPS_C022,أهداف ضبط قسم التعليم الأولي,FMPS_C022_V04,"arabic;english,french",https://drive.google.com/file/d/1Jvdr9gpTHzjnrQ9j3xQPbdIckalRogM4/view?usp=drive_link,do_2143197446074204161376
FMPS_C022,إدارة الانضباط داخل قسم التعليم الأول,FMPS_C022_V05,"arabic;english,french",https://drive.google.com/file/d/1Deei37x6qrsqOcC7aiMBLMR4nY_ysU7M/view?usp=drive_link,do_2143197447494533121378
FMPS_C023,المقدمة,FMPS_C023_V01,"arabic;english,french",https://drive.google.com/file/d/1VGN3BuOnzRZgRL23LJCKjypyptwT79af/view?usp=drive_link,do_2143197448843919361380
FMPS_C023,تعريف بيداغوجية المشروع و تحديد كيفية التعلم من خلالها,FMPS_C023_V02,"arabic;english,french",https://drive.google.com/file/d/1WQ_17ZYggr2BdC72Wy0nImRinqZKvD8N/view?usp=drive_link,do_2143197457824563201388
FMPS_C023,أهداف وغايات بيداغوجية المشروع,FMPS_C023_V03,"arabic;english,french",https://drive.google.com/file/d/1iOVRK5cP_mME8VfiXTgI-2kmKeE18hoq/view?usp=drive_link,do_2143197459441582081390
FMPS_C023,المجالات التعلمية,FMPS_C023_V04,"arabic;english,french",https://drive.google.com/file/d/1LCg_pZyNAxnvYq_mgFwJZlfE3biQ1FRm/view?usp=drive_link,do_2143197460702085121393
FMPS_C023,المشاريع التربوية ودواعي العمل بيها,FMPS_C023_V05,"arabic;english,french",https://drive.google.com/file/d/1NOI-ZKhNiayhFCEKlBTBdEfOqEAvfxX_/view?usp=drive_link,do_2143197462070476801395
FMPS_C023,مراحل تنفيذ الأنشطة البيداغوجية,FMPS_C023_V06,"arabic;english,french",https://drive.google.com/file/d/1j_iLNiqDVziLIFlEkTXUnAUyvZ22WxZL/view?usp=drive_link,do_2143197463282073601397
FMPS_C023,التعرف على على دور المربي في بيداغوجيا المشروع,FMPS_C023_V07,"arabic;english,french",https://drive.google.com/file/d/1tjRLGT2jjdbM0zDB17dcJEmtKc2mxl7c/view?usp=drive_link,do_2143197464546426881399
FMPS_C024,مفهوم الأنشطة الموازية و دورها في العملية التعليمية التعلمية,FMPS_C024_V01,"arabic;english,french",https://drive.google.com/file/d/1V-swwIkFoPReJufdRe_Xu_fLlR4-bOfH/view?usp=drive_link,do_2143197465823477761401
FMPS_C024,الأهداف الخاصة للأنشطة الموازية,FMPS_C024_V02,"arabic;english,french",https://drive.google.com/file/d/1Oj2eZkWkBGP6LXsoPpbV3Wyx5k3J2M6N/view?usp=drive_link,do_2143197467780464641404
FMPS_C024,الأنشطة الموازية التي يمكن استثمارها في العملية التعليمية التعلمية,FMPS_C024_V03,"arabic;english,french",https://drive.google.com/file/d/1wIwYvOCedJH3vrbzIi3WEEXQC90Eh-jq/view?usp=drive_link,do_2143197469452124161406
FMPS_C024,الورشات الي يمكن تنظيمها داخل العملية التعليمية التعلمية و كفاياتها,FMPS_C024_V04,"arabic;english,french",https://drive.google.com/file/d/1yM5ONKzpzagiBOl8Q11i4wthAg0-CZNt/view?usp=drive_link,do_2143197471274024961409
FMPS_C024,الأسس العامة لتنظيم الأنشطة الموازية,FMPS_C024_V05,"arabic;english,french",https://drive.google.com/file/d/11em99jjNvbzstSWYuNmSRB3mn7okdp_z/view?usp=drive_link,do_2143197472868106241411
FMPS_C024,نصائح عامة للمربين لتطوير مختلف قدرات الأطفال و مهارتهم,FMPS_C024_V06,"arabic;english,french",https://drive.google.com/file/d/1yxY4dskPujg1CXMm-lZGrHBlPesHq2HX/view?usp=drive_link,do_2143197474258944001413
FMPS_C025,مفهوم صحة و رفاه الطفل و أهم ركائزه,FMPS_C025_V01,"arabic;english,french",https://drive.google.com/file/d/1SSLys8SFnMSKoTVSFdWxR9G5-XEp4Ijy/view?usp=drive_link,do_2143197476047257601415
FMPS_C025,طب الاطفال,FMPS_C025_V02,"arabic;english,french",https://drive.google.com/file/d/1dRL7399Lz_8ovDOTH3_7IQEl4iFX5P6V/view?usp=drive_link,do_2143197477549670401418
FMPS_C025,طب الأذن و الأنف و الحنجرة,FMPS_C025_V03,"arabic;english,french",https://drive.google.com/file/d/1RKr4KHlQtcPXwSQvbkk1WDNnKmmh5rmo/view?usp=drive_link,do_2143197479139491841420
FMPS_C025,طب العيون,FMPS_C025_V04,"arabic;english,french",https://drive.google.com/file/d/1i95Zc_jIQ0K9nTKDK8Q8EtV0mkyVeYcj/view?usp=drive_link,do_2143197480819015681423
FMPS_C025,توجيهات و إرشادات خاصة بطب العيون,FMPS_C025_V05,"arabic;english,french",https://drive.google.com/file/d/1nL2HmaZfMm13B-CE7v76gc--P5LiR8Bw/view?usp=drive_link,do_2143197482612899841425
FMPS_C026,المهارات الحياتية و التواصل الفعال,FMPS_C026_V01,"arabic;english,french",https://drive.google.com/file/d/19OPscBeKTayLCHO3ZR3NQbHypku6Ymxm/view?usp=drive_link,do_2143197484435619841428
FMPS_C026,أهمية تنمية المهارات الحياتية لدى المربي والاهداف المحققة من خلالها,FMPS_C026_V02,"arabic;english,french",https://drive.google.com/file/d/1FwiZIuGJ-D70TNqdwGantwbhiy0WOKCo/view?usp=drive_link,do_2143197486291681281430
FMPS_C026,الأهداف العامة المحصلة لدى المربي من خلال تنميته لمهاراته الحياتية,FMPS_C026_V03,"arabic;english,french",https://drive.google.com/file/d/118wF8t-B_lJObUqKZVNAIFIfrFOYLJlB/view?usp=drive_link,do_2143197487523020801432
FMPS_C026,الاتصال الرقمي و أهميته في الممارسات الحياتية و المهنية للمربي,FMPS_C026_V04,"arabic;english,french",https://drive.google.com/file/d/11yb_Nzs9OWn2knH4HE8Coh-PBivaKjP3/view?usp=drive_link,do_2143197489054597121435
FMPS_C027,مفهوم تقدير الذات,FMPS_C027_V01,"arabic;english,french",https://drive.google.com/file/d/1WsMmdN-tObCYycvEmKMfd0SJFZ1roGbC/view?usp=drive_link,do_2143197490735185921437
FMPS_C027,بناء تقدير الذات لدى الطفل,FMPS_C027_V02,"arabic;english,french",https://drive.google.com/file/d/1xKq3C-B_j1tGTUPALwXfaZtagWlxnqYy/view?usp=drive_link,do_2143197495457382401443
FMPS_C027,أهمية بناء تقدير الذات لدى الطفل,FMPS_C027_V03,"arabic;english,french",https://drive.google.com/file/d/12NY8x3nhUUXxXmk1ONADft9m22Tx0GDt/view?usp=drive_link,do_2143197498862714881447
FMPS_C027,علاقة تقدير الذات بالتعلمات,FMPS_C027_V04,"arabic;english,french",https://drive.google.com/file/d/1YMn1pePzyo-rBxSQYif2AgPbBh5rj_3o/view?usp=drive_link,do_2143197504140820481452
FMPS_C027,تطوير الذات عند الأطفال,FMPS_C027_V05,"arabic;english,french",https://drive.google.com/file/d/11CoH6tmS5X425IpIk2PMPM8uxV7uhaoA/view?usp=drive_link,do_2143197512034304001460
FMPS_C027,احترام الذات لدى الأطفال الذين يعانون من صعوبات في التعلم,FMPS_C027_V06,"arabic;english,french",https://drive.google.com/file/d/10jdiSRIXNMH4feSfVkTcRHqCr5ISCs_d/view?usp=drive_link,do_2143197518078853121466
FMPS_C028,مصوغة اللعب في التعليم الاولي,FMPS_C028_V01,"arabic;english,french",https://drive.google.com/file/d/179dWWVazBPcnGvOKZcqnNjhOXaj46La1/view?usp=drive_link,do_2143197524095057921472
FMPS_C028,الألعاب التربوية,FMPS_C028_V02,"arabic;english,french",https://drive.google.com/file/d/1gVwNYscIk6MjEqUsRxpiry0Aw2cCQXJF/view?usp=drive_link,do_2143197525617459201475
FMPS_C028,الالعاب الحسية,FMPS_C028_V03,"arabic;english,french",https://drive.google.com/file/d/1yfGLca1AFQVfHY_aqErJ2NYPBEU-P-K1/view?usp=drive_link,do_2143197527472128001477
FMPS_C028,الالعاب الشعبية,FMPS_C028_V04,"arabic;english,french",https://drive.google.com/file/d/1GtpSNLnELeyGLjZbjQqkUnfiTX53vVGN/view?usp=drive_link,do_2143197529112821761480
FMPS_C028,الالعاب اللغوية,FMPS_C028_V05,"arabic;english,french",https://drive.google.com/file/d/1p53NQsWD5aZtFPH4n9qyqPYNDXl_kjET/view?usp=drive_link,do_2143197530494074881482
