course_code,content_name,content_code,framework_languages,content_url,,,
FMPS_C001,التواصل المهني,FMPS_C001_V01,"arabic;english,french",https://drive.google.com/file/d/1YxYbGL0octT3sHg3AhgHw_W6u6j536I1/view?usp=drive_link,,,
FMPS_C001,الاختبار التواصل المهني,FMPS_C001_QV01,"arabic;english,french",https://docs.google.com/spreadsheets/d/1HuLjvQ0euFJJJyqkL1B7rDTF6DV7kQVLhEwIOOnIwFU/edit?usp=drive_link,,,
FMPS_C001,التواصل المهني الفعال,FMPS_C001_V02,"arabic;english,french",https://drive.google.com/file/d/1xNxLyUsCV4d3Sg9yisJBj6U35T_B-90N/view?usp=drive_link,,,
FMPS_C001,الاختبار التواصل المهني الفعال,FMPS_C001_QV02,"arabic;english,french",https://docs.google.com/spreadsheets/d/1NGBU9uQMiPXzE3-X5mBmS7kvkgZmFj_otl3pq-PF658/edit?usp=drive_link,,,
FMPS_C001,التعرف على مهارات التواصل المهني,FMPS_C001_V03,"arabic;english,french",https://drive.google.com/file/d/1Vvem-xoB9SpYlAevSYogOEEN0gwzFk4Y/view?usp=drive_link,,,
FMPS_C001,الاختبار التعرف على مهارات التواصل المهني,FMPS_C001_QV03,"arabic;english,french",https://docs.google.com/spreadsheets/d/1rih9D8kvjqY6IodrW7B4WAB7bXjn_QLSUzLyWW4p48E/edit?usp=drive_link,,,
FMPS_C001,تحديد اشكال التواصل المهني,FMPS_C001_V04,"arabic;english,french",https://drive.google.com/file/d/1Duipsygc2DvZOCC7UGKhFlV6lMK3RDoe/view?usp=drive_link,,,
FMPS_C001,الاختبار تحديد اشكال التواصل المهني,FMPS_C001_QV04,"arabic;english,french",https://docs.google.com/spreadsheets/d/19wklkSH7KivCbo-0Qw8rWXkkvbG4jHFAPMRbsfVvWqw/edit?usp=drive_link,,,
FMPS_C001,التواصل المهني الاختبار النهائي ,FMPS_C001_QG1,"arabic;english,french",https://docs.google.com/spreadsheets/d/1_WCiBOZ7D6dtTdFIjgCeyrTtaBYLOMRYzq_HkR76dCw/edit?usp=drive_link,,,
FMPS_C002,تقديم وتعريف,FMPS_C002_V01,"arabic;english,french",https://drive.google.com/file/d/1NKLpkz_8C31woukFwvfoAEynIvw1epdc/view?usp=drive_link,,,
FMPS_C002,الاختبار تقديم وتعريف,FMPS_C002_QV01,"arabic;english,french","https://docs.google.com/spreadsheets/d/1_v8VwwcGBU8Qf_eUl_dV7kz079YdtRGI-VlFSLmpARc/edit?usp=drive_link, ",,,
FMPS_C002,مبادئ التواصل الغير العنيف,FMPS_C002_V02,"arabic;english,french",https://drive.google.com/file/d/11DG1dg7Uzx549hKnhWiX7BcoUeG_vxp1/view?usp=drive_link,,,
FMPS_C002,الاختبار مبادئ التواصل الغير العنيف,FMPS_C002_QV02,"arabic;english,french",https://docs.google.com/spreadsheets/d/11lhkyUVs-cbb7ilBnnUyhT-17GgfjJ-PtOJtvLd2ZdM/edit?usp=drive_link,,,
FMPS_C002,علاقة الذكاء العاطفي بالتواصل الغير العنيف,FMPS_C002_V03,"arabic;english,french",https://drive.google.com/file/d/1172iIZWOfgWb7t90Y0K8zNFo_e7Mfngj/view?usp=drive_link,,,
FMPS_C002,الاختبار علاقة الذكاء العاطفي بالتواصل الغير العنيف,FMPS_C002_QV03,"arabic;english,french",https://docs.google.com/spreadsheets/d/13yeEnZInM5WSYTYJFX65SKMzOnxRugWDAzbNtpSTnD8/edit?usp=drive_link,,,
FMPS_C002,كيف ينمي المربي مهارات التواصل غير العنيف عند الاطفال,FMPS_C002_V04,"arabic;english,french",https://drive.google.com/file/d/1WuaaUNT3y4q-sLVgxFoUpzlkqR56h4IQ/view?usp=drive_link,,,
FMPS_C002,الاختبار كيف ينمي المربي مهارات التواصل غير العنيف عند الاطفال,FMPS_C002_QV04,"arabic;english,french",https://docs.google.com/spreadsheets/d/1_v8VwwcGBU8Qf_eUl_dV7kz079YdtRGI-VlFSLmpARc/edit?usp=drive_link,,,
FMPS_C002,التواصل الغير العنيف الاختبار النهائي,FMPS_C002_QG2,"arabic;english,french",https://docs.google.com/spreadsheets/d/1BX5Or2H2U4yJOM8bsdL1DbIEu6uFdaPEz0yXVD9OPjM/edit?usp=drive,,,
FMPS_C003,تعريف التربية الوالدية,FMPS_C003_V01,"arabic;english,french",https://drive.google.com/file/d/19zxNklX2pIjN74ppUWk-GUr4dN9ZzH_G/view?usp=drive_link,,,
FMPS_C003,الاختبار تعريف التربية الوالدية,FMPS_C003_QV01,"arabic;english,french",https://docs.google.com/spreadsheets/d/1n8cpOtbkI8VIw5Kmz2iPMGVqnVJ3en7QnX8N1fsWvnU/edit?usp=drive,,,
FMPS_C003,أهمية وأهداف التربية الوالدية,FMPS_C003_V02,"arabic;english,french",https://drive.google.com/file/d/1YptohzrIdIDrrLfHip03Y00SyqdhXjm6/view?usp=drive_link,,,
FMPS_C003,الاختبار أهمية وأهداف التربية الوالدية,FMPS_C003_QV02,"arabic;english,french",https://docs.google.com/spreadsheets/d/1-oJemlGOj_S5td_v9Jh9QK6nKNk4HWPklqt6mMUjVCM/edit?usp=drive_link,,,
FMPS_C003,I أساليب نجاح التربية الوالدية,FMPS_C003_V03,"arabic;english,french",https://drive.google.com/file/d/1jL4QN0aU9SWtSjfMBFf8fc5MOgRHY9oK/view?usp=drive_link,,,
FMPS_C003,الاختبار I أساليب نجاح التربية الوالدية,FMPS_C003_QV03,"arabic;english,french",https://docs.google.com/spreadsheets/d/1sGnWUwmCLeuwHntwzLf09Ot3MktbgVgmqP--8greVI8/edit?usp=drive_link,,,
FMPS_C003,II أساليب نجاح التربية الوالدية,FMPS_C003_V04,"arabic;english,french",https://drive.google.com/file/d/1j26FuKFZ_D4sK7utMiBuznYMW-YIDzaS/view?usp=drive_link,,,
FMPS_C003,الاختبار II أساليب نجاح التربية الوالدية,FMPS_C003_QV04,"arabic;english,french",https://docs.google.com/spreadsheets/d/15TmvNquX2La5qiaKUqYPpA83IYhvEykdC1yEmIoqJU4/edit?usp=drive_link,,,
FMPS_C003,مشاركة الآباء وأولياء الأمور في العملية التعليمية التعلمية,FMPS_C003_V05,"arabic;english,french",https://drive.google.com/file/d/16-v8dAKBNWl0a18nYnB6R3U-Qb9ntxN3/view?usp=drive_link,,,
FMPS_C003,الاختبار مشاركة الآباء وأولياء الأمور في العملية التعليمية التعلمية,FMPS_C003_QV05,"arabic;english,french",https://docs.google.com/spreadsheets/d/1ibJfUd5ejdjfVV83eBxla5mx_3OIAPnCUdxHn_T_xt0/edit?usp=drive_link,,,
FMPS_C003,فوائد مشاركة الآباء وأولياء الأمور في العملية التعليمية التعلمية,FMPS_C003_V06,"arabic;english,french",https://drive.google.com/file/d/1Wr6zokc_wRx4gyXYOgKJk2oQkJH6UEbt/view?usp=drive_link,,,
FMPS_C003,الاختبار فوائد مشاركة الآباء وأولياء الأمور في العملية التعليمية التعلمية,FMPS_C003_QV06,"arabic;english,french",https://docs.google.com/spreadsheets/d/1dL28hvfHeCiAI8urYSXAAW9Ym5T8czuUQnKWYF0cpYo/edit?usp=drive_link,,,
FMPS_C003,التربية الوالدية الاختبار النهائي,FMPS_C003_QG3,"arabic;english,french",https://docs.google.com/spreadsheets/d/1_YIBvGtbUmPlb3pG-k2bA_SYzj98Y0r5NjSYpuYYBBU/edit?usp=drive_link,,,
FMPS_C004,تعريف نظريات التعلم واهميتها,FMPS_C004_V01,"arabic;english,french",https://drive.google.com/file/d/1gIVQdvWiGZqMxyt6WskIegLlgIlMLd5K/view?usp=drive_link,,,
FMPS_C004,الاختبار تعريف نظريات التعلم واهميتها,FMPS_C004_QV01,"arabic;english,french",https://docs.google.com/spreadsheets/d/1m5Gb3KMbXeH-IVakKh8xcTEeJX-Qxz5tLm1u_B0nhIc/edit?usp=drive_link,,,
FMPS_C004,النظرية السلوكية,FMPS_C004_V02,"arabic;english,french",https://drive.google.com/file/d/1ChYINd0_NKthFBDpuTdJIjcFg7DrN7ry/view?usp=drive_link,,,
FMPS_C004,الاختبار النظرية السلوكية,FMPS_C004_QV02,"arabic;english,french",https://docs.google.com/spreadsheets/d/1JIYF7hUBrrWHfujlEEHbzzGlOWayHTvGwy1YUNvXdc0/edit?usp=drive_link,,,
FMPS_C004,التطبيق البيداغوجي للنظرية السلوكية,FMPS_C004_V03,"arabic;english,french",https://drive.google.com/file/d/11McgijhN26uvW4hc4ihI8BrSIUZu0q8R/view?usp=drive_link,,,
FMPS_C004,الاختبار التطبيق البيداغوجي للنظرية السلوكية,FMPS_C004_QV03,"arabic;english,french",https://docs.google.com/spreadsheets/d/1gAlIXuMNULvgLJErGc2jfwrvMma0iB-tUJfmhY0b-38/edit?usp=drive_link,,,
FMPS_C004,النظرية البنائية,FMPS_C004_V04,"arabic;english,french",https://drive.google.com/file/d/12gjq3FV0FKvpsUm6ul4J2Slqlw6qgFSr/view?usp=drive_link,,,
FMPS_C004,الاختبار النظرية البنائية,FMPS_C004_QV04,"arabic;english,french",https://docs.google.com/spreadsheets/d/1TfkjYKjrBYhzwmhRa_lF87bw4JXGianOkiTQOiktyGU/edit?usp=drive_link,,,
FMPS_C004,التطبيق البيداغوجي للنظرية البنائية,FMPS_C004_V05,"arabic;english,french",https://drive.google.com/file/d/1eeUkSEE4HNIVJFAsXVqvSCqSJ58_R03G/view?usp=drive_link,,,
FMPS_C004,الاختبار التطبيق البيداغوجي للنظرية البنائية,FMPS_C004_QV05,"arabic;english,french",https://docs.google.com/spreadsheets/d/1k8suinmTiC4oyB5NlKkKoVgf3oMJPb-mq43J9fIXt-g/edit?usp=drive_link,,,
FMPS_C004,النظرية الجشطالتية,FMPS_C004_V06,"arabic;english,french",https://drive.google.com/file/d/1Fh-ZGbavixJH7GEgaq1jFrb2MRpOmeds/view?usp=drive_link,,,
FMPS_C004,الاختبار النظرية الجشطالتية,FMPS_C004_QV06,"arabic;english,french",https://docs.google.com/spreadsheets/d/16Cgi4qj2a3SDb2BJ7-0H461ahP6hezJbUVorDEoSJ9M/edit?usp=drive_link,,,
FMPS_C004,التطبيق البيداغوجي للنظرية الجشطلتية,FMPS_C004_V07,"arabic;english,french",https://drive.google.com/file/d/1OxVboD8ZVf9JKKXgmu7UmFxAVZWp-EDM/view?usp=drive_link,,,
FMPS_C004,الاختبار التطبيق البيداغوجي للنظرية الجشطلتية,FMPS_C004_QV07,"arabic;english,french","https://docs.google.com/spreadsheets/d/1TfkjYKjrBYhzwmhRa_lF87bw4JXGianOkiTQOiktyGU/edit?usp=sharing,",,,
FMPS_C004,النظرية السوسيوبنائية,FMPS_C004_V08,"arabic;english,french",https://drive.google.com/file/d/10GovfavLWGkpe6ES_uOn8G0XvSfs7fUC/view?usp=drive_link,,,
FMPS_C004,الاختبار النظرية السوسيوبنائية,FMPS_C004_QV08,"arabic;english,french",https://docs.google.com/spreadsheets/d/12Fn90KkUItXTLF0sBFeZAzy5cSdOCsGeQhLIDowtOQQ/edit?usp=drive_link,,,
FMPS_C004,كيفية التطبيق البيداغوجي للنظرية السوسيوبنائية,FMPS_C004_V09,"arabic;english,french",https://drive.google.com/file/d/1GTsONIxoJVPFJ99zUeSrqTN2aKK57kAE/view?usp=drive_link,,,
FMPS_C004,الاختبار كيفية التطبيق البيداغوجي للنظرية السوسيوبنائية,FMPS_C004_QV09,"arabic;english,french","https://docs.google.com/spreadsheets/d/1k8suinmTiC4oyB5NlKkKoVgf3oMJPb-mq43J9fIXt-g/edit?usp=sharing,",,,
FMPS_C004,النظرية المعرفية,FMPS_C004_V10,"arabic;english,french",https://drive.google.com/file/d/1vekWao-XjO7XIE3fEk0fYoUcfhj5BVLh/view?usp=drive_link,,,
FMPS_C004,الاختبار النظرية المعرفية,FMPS_C004_QV10,"arabic;english,french"," https://docs.google.com/spreadsheets/d/1m5Gb3KMbXeH-IVakKh8xcTEeJX-Qxz5tLm1u_B0nhIc/edit?usp=sharing,",,,
FMPS_C004,مبادئ واسس النظرية المعرفية,FMPS_C004_V11,"arabic;english,french",https://drive.google.com/file/d/1FnOtBl8keE9128uHvljKpqbtzWnQfPWF/view?usp=drive_link,,,
FMPS_C004,الاختبار مبادئ واسس النظرية المعرفية,FMPS_C004_QV11,"arabic;english,french",https://docs.google.com/spreadsheets/d/1scAnip5SYpxIqrnAoq1bBlV7KqlosuqSVjTeRVzb7a4/edit?usp=drive_link,,,
FMPS_C004,خلاصة لنظريات التعلم,FMPS_C004_V12,"arabic;english,french",https://drive.google.com/file/d/1v1ZU4hjg6MAT4PUdU97qqcCVBkB_6aO_/view?usp=drive_link,,,
FMPS_C004,الاختبار خلاصة لنظريات التعلم,FMPS_C004_QV12,"arabic;english,french",https://docs.google.com/spreadsheets/d/14PeaO9V5fGMBCc8Re20K9yYsX4vbkZsEgBlkQ2U1PPM/edit?usp=drive_link,,,
FMPS_C004,نظريات التعلم الاختبار النهائي,FMPS_C004_QG4,"arabic;english,french",https://docs.google.com/spreadsheets/d/1h7AwI9ZA_Qv7op4WeYs54mRZTXADoFiIJrMLGF3bDfI/edit?usp=drive_link,,,
FMPS_C005,مقدمة,FMPS_C005_V01,"arabic;english,french",https://drive.google.com/file/d/1DntvAiNZODiXY-OCmxm119tTAB3f3XsT/view?usp=drive_link,,,
FMPS_C005,الاختبار مقدمة,FMPS_C005_QV01,"arabic;english,french",,,,
FMPS_C005,سلوك الكدب عند الطفل,FMPS_C005_V02,"arabic;english,french",https://drive.google.com/file/d/1axK7sG1gm68BEcwM3NWa7uugnsB5O8pM/view?usp=drive_link,,,
FMPS_C005,الاختبار سلوك الكدب عند الطفل,FMPS_C005_QV02,"arabic;english,french",,,,
FMPS_C005,سلوك العناد عند الطفل,FMPS_C005_V03,"arabic;english,french",https://drive.google.com/file/d/1NC0h6-4bqPHQWIpb6sNtB7TH20yQsVo3/view?usp=drive_link,,,
FMPS_C005,الاختبار سلوك العناد عند الطفل,FMPS_C005_QV03,"arabic;english,french",,,,
FMPS_C005,سلوك العدوانية عند الطفل,FMPS_C005_V04,"arabic;english,french",https://drive.google.com/file/d/1SY0YGbG2HXYjwu5DYx98XW8DfV_5k1MV/view?usp=drive_link,,,
FMPS_C005,الاختبار سلوك العدوانية عند الطفل,FMPS_C005_QV04,"arabic;english,french",,,,
FMPS_C005,سلوك الألفاظ النابية عند الأطفال,FMPS_C005_V05,"arabic;english,french",https://drive.google.com/file/d/1X1WOjS5NmXH7q7MtQqBsjkJ04n3seWBC/view?usp=drive_link,,,
FMPS_C005,الاختبار سلوك الألفاظ النابية عند الأطفال,FMPS_C005_QV05,"arabic;english,french",,,,
FMPS_C005,سلوك السرقة عند الطفل,FMPS_C005_V06,"arabic;english,french",https://drive.google.com/file/d/1AesStgOPtwu5_zyyAQ0L7noi_WVjZiYJ/view?usp=drive_link,,,
FMPS_C005,الاختبار سلوك السرقة عند الطفل,FMPS_C005_QV06,"arabic;english,french",,,,
FMPS_C005,سلوك الخجل عند الطفل,FMPS_C005_V07,"arabic;english,french",https://drive.google.com/file/d/1LkiRHYqu-x2g-VRSCKR2SI9_E0wqj4MO/view?usp=drive_link,,,
FMPS_C005,الاختبار سلوك الخجل عند الطفل,FMPS_C005_QV07,"arabic;english,french",,,,
FMPS_C005,سلوك العصبية عند الطفل,FMPS_C005_V08,"arabic;english,french",https://drive.google.com/file/d/1YpTD69_hLNE7CSjkayYDxKjqfbb9eeYG/view?usp=drive_link,,,
FMPS_C005,الاختبار سلوك العصبية عند الطفل,FMPS_C005_QV08,"arabic;english,french",,,,
FMPS_C005,سلوك القلق و الخوف عند الطفل,FMPS_C005_V09,"arabic;english,french",https://drive.google.com/file/d/17WXs6EF-yzvRZqwW23A3H2u3kb1gAeL2/view?usp=drive_link,,,
FMPS_C005,الاختبار سلوك القلق و الخوف عند الطفل,FMPS_C005_QV09,"arabic;english,french",,,,
FMPS_C005,سلوك رهاب المدرسة عند الطفل,FMPS_C005_V10,"arabic;english,french",https://drive.google.com/file/d/1G9-NInva9B6OIUDxvSlLte2b-ORGGPYT/view?usp=drive_link,,,
FMPS_C005,الاختبار سلوك رهاب المدرسة عند الطفل,FMPS_C005_QV0,"arabic;english,french",,,,
FMPS_C005,الاختبار النهائي,FMPS_C005_QG5,"arabic;english,french",,,,
FMPS_C006,مقدمة أنواع الملصقات,FMPS_C006_V01,"arabic;english,french",https://drive.google.com/file/d/1rMYyVKF_wajOqGh4bgeptYEZ7yPKH09j/view?usp=drive_link,,,
FMPS_C006,الاختبار مقدمة أنواع الملصقات,FMPS_C006_QV01,"arabic;english,french",https://drive.google.com/open?id=11CiG162AUag0tHj4vqK6FDbib1Y0IhSUgtuiiP5OuYU&usp=drive_copy,,,
FMPS_C006,ملصق الحضور,FMPS_C006_V02,"arabic;english,french",https://drive.google.com/file/d/12G4rqg1QqUx7sWC9afLMpmsBksIab36O/view?usp=drive_link,,,
FMPS_C006,الاختبار ملصق الحضور,FMPS_C006_QV02,"arabic;english,french",video 2-quiz2-les affichages ,,,
FMPS_C006,مبدأ التدرج الخاص بملصق الحضور,FMPS_C006_V03,"arabic;english,french",https://drive.google.com/file/d/1P50yepJaro2Qpkvg0oQM7aMw6In2mo7d/view?usp=drive_link,,,
FMPS_C006,الاختبار مبدأ التدرج الخاص بملصق الحضور,FMPS_C006_QV03,"arabic;english,french",VIDEO 3-quiz -les affichages ,,,
FMPS_C006,ملصق المسؤوليات,FMPS_C006_V04,"arabic;english,french",https://drive.google.com/file/d/13sSELOWDSbHPFRAf4dvEu1QpPPuBpi31/view?usp=drive_link,,,
FMPS_C006,الاختبار ملصق المسؤوليات,FMPS_C006_QV04,"arabic;english,french",video 4-quiz -les affichages ,,,
FMPS_C006,ملصق اليومية,FMPS_C006_V05,"arabic;english,french",https://drive.google.com/file/d/1xlUn-6rjLWvpzOlrltf2F0ypLzFf4P-E/view?usp=drive_link,,,
FMPS_C006,الاختبار ملصق اليومية,FMPS_C006_QV05,"arabic;english,french",VIDEO5-quiz5 - les affichages ,,,
FMPS_C006,مبدأ التدرج الخاص بملصق اليومية,FMPS_C006_V06,"arabic;english,french",https://drive.google.com/file/d/1VThscV0JGCFcteohqSqrBZA0qhRJbkGH/view?usp=drive_link,,,
FMPS_C006,الاختبار مبدأ التدرج الخاص بملصق اليومية,FMPS_C006_QV06,"arabic;english,french",video6-quiz6-les affichages ,,,
FMPS_C006,ملصق حالة الطقس,FMPS_C006_V07,"arabic;english,french",https://drive.google.com/file/d/1wReMu-YSCcD1OepVLMnBWA5MFvnIznxh/view?usp=drive_link,,,
FMPS_C006,الاختبار ملصق حالة الطقس,FMPS_C006_QV07,"arabic;english,french",https://drive.google.com/open?id=1r5H2xIslJYHb3bWm162xTlSUxcguQWfWUjYApu3WDoM&usp=drive_copy,,,
FMPS_C006,مبدأ التدرج الخاص بملصق حالة الطقس,FMPS_C006_V08,"arabic;english,french",https://drive.google.com/file/d/1tm2QNO8bXvu1xbpPhCumcj76BMwH7DCP/view?usp=drive_link,,,
FMPS_C006,الاختبار مبدأ التدرج الخاص بملصق حالة الطقس,FMPS_C006_QV08,"arabic;english,french",video 8-quiz8- les affichages ,,,
FMPS_C006,ملصق فصول السنة+ملصق الاعداد+ملصق الحروف الهجائية,FMPS_C006_V09,"arabic;english,french",https://drive.google.com/file/d/1UyIdPNBB0u5UWP2997mdCGZfhZFEZmYh/view?usp=drive_link,,,
FMPS_C006,الاختبار ملصق فصول السنة+ملصق الاعداد+ملصق الحروف الهجائية,FMPS_C006_QV09,"arabic;english,french",VIDEO 9- quiz 9- les affichages ,,,
FMPS_C006,ملصق الالوان,FMPS_C006_V10,"arabic;english,french",https://drive.google.com/file/d/1gh2gm9ZyQ72yPmN517g9J7QX4_OKF8HG/view?usp=drive_link,,,
FMPS_C006,الاختبار ملصق الالوان,FMPS_C006_QV10,"arabic;english,french",Video 10-quiz 10-les affichages ,,,
FMPS_C006,ملصق قواعد العيش,FMPS_C006_V11,"arabic;english,french",https://drive.google.com/file/d/1ZuggU1s6FNT3dxko9OwQqzc9XsJp4mC0/view?usp=drive_link,,,
FMPS_C006,الاختبار ملصق قواعد العيش,FMPS_C006_QV11,"arabic;english,french",https://drive.google.com/open?id=19pojPNqmdAi5Agw4nYvspeB5cgbRa8745VEJ5oJANxg&usp=drive_copy,,,
FMPS_C006,الملصقات التربوية الاختبار النهائي,FMPS_C006_QG6,"arabic;english,french",https://docs.google.com/spreadsheets/d/1goU-6QooyShBSaKoUXUlYMcVDsVaO4k8N30wVIJG4oQ/edit?usp=drive_link,,,
FMPS_C007,مفهوم التخطيط و أهدافه,FMPS_C007_V01,"arabic;english,french",https://drive.google.com/file/d/12sBaXRS7FwymVSu6Hn5iP9gkM2gFXY5T/view?usp=drive_link,,,
FMPS_C007,الاختبار مفهوم التخطيط و أهدافه,FMPS_C007_QV01,"arabic;english,french",VIDEO 1-quiz 1 - GRAPHISME ,,,
FMPS_C007,أنواع و أنشطة التخطيط,FMPS_C007_V02,"arabic;english,french",https://drive.google.com/file/d/1CnWG54aAgBsnB8rw0u65qoE6uqtveJzf/view?usp=drive_link,,,
FMPS_C007,الاختبار أنواع و أنشطة التخطيط,FMPS_C007_QV02,"arabic;english,french",VIDEO 1-quiz 1 - GRAPHISME ,,,
FMPS_C007,التحكم الحركي,FMPS_C007_V03,"arabic;english,french",https://drive.google.com/file/d/1bRC3Vl8Z5g5efqEF9t06JK0PSq0G_Enb/view?usp=drive_link,,,
FMPS_C007,الاختبار التحكم الحركي,FMPS_C007_QV03,"arabic;english,french",VIDEO 3-QUIZ3- graphisme ,,,
FMPS_C007,مراحل اكتساب التحكم الحركي,FMPS_C007_V04,"arabic;english,french",https://drive.google.com/file/d/1EJgc9AyZdHsgvAUJ6RMgGut2HrEyP8Mb/view?usp=drive_link,,,
FMPS_C007,الاختبار مراحل اكتساب التحكم الحركي,FMPS_C007_QV04,"arabic;english,french",VIDEO 4-quiz4-graphisme ,,,
FMPS_C007,محور التطبيقي للتخطيط,FMPS_C007_V05,"arabic;english,french",https://drive.google.com/file/d/16oWDDSOb6cPi04NfiOVDHYuuD3s1rO_z/view?usp=drive_link,,,
FMPS_C007,الاختبار محور التطبيقي للتخطيط,FMPS_C007_QV05,"arabic;english,french",VIDEO 4-quiz4-graphisme ,,,
FMPS_C008,العلاقة بين اللعب و التعلمات,FMPS_C008_V01,"arabic;english,french",https://drive.google.com/file/d/1VExts4utzTrEC2oFteg3XrwZSzdM3J49/view?usp=drive_link,,,
FMPS_C008,الاختبار العلاقة بين اللعب و التعلمات,FMPS_C008_QV01,"arabic;english,french",VIDEO 1-quiz1- les jeux ,,,
FMPS_C008,تعريف بيداغوجية اللعب,FMPS_C008_V02,"arabic;english,french",https://drive.google.com/file/d/1iHlILCO-UIlcybmO5cR-etf4nPV3MOTI/view?usp=drive_link,,,
FMPS_C008,الاختبار تعريف بيداغوجية اللعب,FMPS_C008_QV02,"arabic;english,french",video 2-quiz 2 - les jeux ,,,
FMPS_C008,أهداف الألعاب التربوية في التعليم الأولي,FMPS_C008_V03,"arabic;english,french",https://drive.google.com/file/d/1c87gDegt_N33NMrg5lJj8oRUKPPbBN7t/view?usp=drive_link,,,
FMPS_C008,الاختبار أهداف الألعاب التربوية في التعليم الأولي,FMPS_C008_QV03,"arabic;english,french",video 3-quiz3- les jeux ,,,
FMPS_C008,الألعاب التربوية التي يمكن استثمارها في قسم للتعليم الأولي,FMPS_C008_V04,"arabic;english,french",https://drive.google.com/file/d/11pghkB-wnJLaCM7mdBMCfM5UThLf-o2M/view?usp=drive_link,,,
FMPS_C008,الاختبار الألعاب التربوية التي يمكن استثمارها في قسم للتعليم الأولي,FMPS_C008_QV04,"arabic;english,french",vidéo 4- quiz 4- les jeux ,,,
FMPS_C008,الألعاب الحسية في التعليم الأولي,FMPS_C008_V05,"arabic;english,french",https://drive.google.com/file/d/1mMsrWwiaSuhi7ghYo3DPfJ-TtEgqqu9m/view?usp=drive_link,,,
FMPS_C008,الاختبار الألعاب الحسية في التعليم الأولي,FMPS_C008_QV05,"arabic;english,french",video 5-quiz5- les jeux ,,,
FMPS_C008,الألعاب الحسية في التي يمكن استثمارها في قسم التعليم الأولي,FMPS_C008_V06,"arabic;english,french",https://drive.google.com/file/d/1Jxgfy1x2REPE5J0gvKrctoOSXz-ls9ZI/view?usp=drive_link,,,
FMPS_C008,الاختبار الألعاب الحسية في التي يمكن استثمارها في قسم التعليم الأولي,FMPS_C008_QV06,"arabic;english,french",video 6- quiz6- les jeux ,,,
FMPS_C008,الألعاب الشعبية و أهدافها في التعليم الأولي,FMPS_C008_V07,"arabic;english,french",https://drive.google.com/file/d/1d9Mb7hkGVW965Z-EV5gBfiqLGUUsg0gp/view?usp=drive_link,,,
FMPS_C008,الاختبار الألعاب الشعبية و أهدافها في التعليم الأولي,FMPS_C008_QV07,"arabic;english,french",vidéo 7-quiz7-les jeux ,,,
FMPS_C008,الالعاب اللغوية و أهدافها في التعليم الأولي,FMPS_C008_V08,"arabic;english,french",https://drive.google.com/file/d/1f2RshSu8vezRFyLvllKAGhvamJMteYN5/view?usp=drive_link,,,
FMPS_C008,الاختبار الالعاب اللغوية و أهدافها في التعليم الأولي,FMPS_C008_QV08,"arabic;english,french",video 8-quiz8- les jeux ,,,
FMPS_C008,الالعاب اللغوية التي يمكن استثمارها في قسم للتعليم الأولي,FMPS_C008_V09,"arabic;english,french",https://drive.google.com/file/d/1SQFv8mJVbgK-qYxO2Z5-nOBoWjd_FJOG/view?usp=drive_link,,,
FMPS_C008,الاختبار الالعاب اللغوية التي يمكن استثمارها في قسم للتعليم الأولي,FMPS_C008_QV09,"arabic;english,french",video 9-quiz9- les jeux ,,,
FMPS_C008, اللعب في مرحلة التعليم الأولي 2024 الاختبار النهائي,FMPS_C008_QG8,"arabic;english,french",https://docs.google.com/spreadsheets/d/1PSNnpfP3t1bAOaJ3ucQwpaS_pZV8E6hcdQQPqOkIbX4/edit?usp=drive_link,,,
FMPS_C009,الأنشطة الإبداعية في التعليم الأولي,FMPS_C009_V01,"arabic;english,french",https://drive.google.com/file/d/1_D7D5f7WS7rdnd1sbacqftemO7FNOudx/view?usp=drive_link,,,
FMPS_C009,الاختبار الأنشطة الإبداعية في التعليم الأولي,FMPS_C009_QV01,"arabic;english,french",video 1-quiz1 -les AC,,,
FMPS_C009,دور الأنشطة الإبداعية في تنمية الإبداع لذا الطفل,FMPS_C009_V02,"arabic;english,french",https://drive.google.com/file/d/1QvxpzgynNMZpAAjmRLncV8q6wc7OHF1a/view?usp=drive_link,,,
FMPS_C009,الاختبار دور الأنشطة الإبداعية في تنمية الإبداع لذا الطفل,FMPS_C009_QV02,"arabic;english,french",VIDEO 2- quiz2_les AC,,,
FMPS_C009,دور المربي في تنمية الإبداع لذا الطفل,FMPS_C009_V03,"arabic;english,french",https://drive.google.com/file/d/17gF0cv0gA6J-iLrNeeCNzRJl1l1L-BQr/view?usp=drive_link,,,
FMPS_C009,الاختبار دور المربي في تنمية الإبداع لذا الطفل,FMPS_C009_QV03,"arabic;english,french",VIDEO 3-quiz 3- AC,,,
FMPS_C009,ربط الأنشطة الإبداعية والأنشطة التعليمية للطفل,FMPS_C009_V04,"arabic;english,french",https://drive.google.com/file/d/1jC61_5uO9K_SrebwWNyPIe4Zu2Shjyf9/view?usp=drive_link,,,
FMPS_C009,الاختبار ربط الأنشطة الإبداعية والأنشطة التعليمية للطفل,FMPS_C009_QV04,"arabic;english,french",VIDEO 4 -quiz 4-les ac,,,
FMPS_C009,تقنيات توظيف الأنشطة الإبداعية في التعليم الأولي,FMPS_C009_V05,"arabic;english,french",https://drive.google.com/file/d/1DXY5_lCP4T7l7jDdw1wq29VdbUT47CQ5/view?usp=drive_link,,,
FMPS_C009,الاختبار تقنيات توظيف الأنشطة الإبداعية في التعليم الأولي,FMPS_C009_QV05,"arabic;english,french",VIDEO 5-quiz5-les ac ,,,
FMPS_C009,الأنشطة الابداعية الاختبار النهائي ,FMPS_C009_QG9,"arabic;english,french",https://docs.google.com/spreadsheets/d/1ZQ4ultwVXwWyAjJb_FVTB_XbR-FW0HnRwzw1ZiWE2dI/edit?usp=drive_link,,,
FMPS_C010,التفتح اللغوي في مرحلة التعليم الأولي,FMPS_C010_V01,"arabic;english,french",https://drive.google.com/file/d/1tnfHB4eNlNVuV4hibhW-ZIvhgJM938a1/view?usp=drive_link,,,
FMPS_C010,الاختبار التفتح اللغوي في مرحلة التعليم الأولي,FMPS_C010_QV01,"arabic;english,french",VIDEO 1- quiz 1 - LEVEIL LINGUISTIQUE,,,
FMPS_C010,التفتح اللغوي وتعلم اللغات,FMPS_C010_V02,"arabic;english,french",https://drive.google.com/file/d/1aIKyIIbgkRNjQCODEPO-goNdO1ZVoGVm/view?usp=drive_link,,,
FMPS_C010,الاختبار التفتح اللغوي وتعلم اللغات,FMPS_C010_QV02,"arabic;english,french",VIDEO 2-quiz2- eveil,,,
FMPS_C010,كيفية التفاعل مع الأطفال بإستخدام اللغات,FMPS_C010_V03,"arabic;english,french",https://drive.google.com/file/d/1bVJPiyq78QCuYuSsZFWO-c9VaUyMRSi2/view?usp=drive_link,,,
FMPS_C010,الاختبار كيفية التفاعل مع الأطفال بإستخدام اللغات,FMPS_C010_QV03,"arabic;english,french",video 3-quiz3-eveil,,,
FMPS_C010,التفتح اللغوي عمليا,FMPS_C010_V04,"arabic;english,french",https://drive.google.com/file/d/1VijJcSfQNeFCHXVUMCiPRF6qN30ZK8k0/view?usp=drive_link,,,
FMPS_C010,الاختبار التفتح اللغوي عمليا,FMPS_C010_QV04,"arabic;english,french",video 4-quiz4- eveil linguuistique,,,
FMPS_C010,خاتمة,FMPS_C010_V05,"arabic;english,french",https://drive.google.com/file/d/1vBhSVj6DBNF_nDrO3UfxmCgZI7KHd81i/view?usp=drive_link,,,
FMPS_C010,الاختبار خاتمة,FMPS_C010_QV05,"arabic;english,french",video 5-quiz 5- eveil luiguistique,,,
FMPS_C010,النشطة التفتح اللغوي الاختبار النهائي,FMPS_C010_QG10,"arabic;english,french",https://docs.google.com/spreadsheets/d/18PSErIBprovWROnYSd6A-l4ZtU2FSBPkbIcxVMlc6ng/edit?usp=drive_link,,,
FMPS_C011,الاستعداد للقراءة في مرحلة التعليم الأولي,FMPS_C011_V01,"arabic;english,french",https://drive.google.com/file/d/1Fvh2X-e4FbDn4Rw13JzQsy8kNq3nPbKS/view?usp=drive_link,,,
FMPS_C011,الاختبار الاستعداد للقراءة في مرحلة التعليم الأولي,FMPS_C011_QV01,"arabic;english,french",VIDEO 1- quiz 1-lecture,,,
FMPS_C011,التعرف على مهارات القراءة,FMPS_C011_V02,"arabic;english,french",https://drive.google.com/file/d/1yp5CDLH4mfpCu933G6aU3KnmEaiFyif8/view?usp=drive_link,,,
FMPS_C011,الاختبار التعرف على مهارات القراءة,FMPS_C011_QV02,"arabic;english,french",video 2-quiz2-lecture,,,
FMPS_C011,التعرف على وضعيات استمرارية مهارة القراءة,FMPS_C011_V03,"arabic;english,french",https://drive.google.com/file/d/11YP0nHRrlynE4lA3DIADjd8ZRqtqn24R/view?usp=drive_link,,,
FMPS_C011,الاختبار التعرف على وضعيات استمرارية مهارة القراءة,FMPS_C011_QV03,"arabic;english,french",video 3-quiz3- lecture,,,
FMPS_C011,أنواع الصور التعليمية,FMPS_C011_V04,"arabic;english,french",https://drive.google.com/file/d/1bE8ZVRaRtuognIredAMhc3-JM0oCMox5/view?usp=drive_link,,,
FMPS_C011,الاختبار أنواع الصور التعليمية,FMPS_C011_QV04,"arabic;english,french",video 4-quiz4-lecture,,,
FMPS_C011,دور المربي في تطوير مهارة القراءة لذى الطفل,FMPS_C011_V05,"arabic;english,french",https://drive.google.com/file/d/11Zq5JPuSXkjxgjemXc-iPOfjaROIXY2_/view?usp=drive_link,,,
FMPS_C011,الاختبار دور المربي في تطوير مهارة القراءة لذى الطفل,FMPS_C011_QV05,"arabic;english,french",video 5-quiz5-lecture,,,
FMPS_C011,الاستعداد للقرأة QUZI GLOBAL,FMPS_C011_QG11,"arabic;english,french",https://docs.google.com/spreadsheets/d/1B-R6bC9RnjVkARNtwMPlEbUGlUljxRB0Y7RFthQnJyg/edit?usp=drive_link,,,
FMPS_C012,مقدمة,FMPS_C012_V01,"arabic;english,french",https://drive.google.com/file/d/1hHzx-ZygC34AdqoRabUEYbohthAJgrhS/view?usp=drive_link,,,
FMPS_C012,الاختبار مقدمة,FMPS_C012_QV01,"arabic;english,french",video 1- quiz 1-eveil scientifique,,,
FMPS_C012,تنمية مهارات التفتح العلمي و التكنولوجي عند الطفل,FMPS_C012_V02,"arabic;english,french",https://drive.google.com/file/d/1CJOTlfI37no--gzvU_JqG4i2dZyo2dvl/view?usp=drive_link,,,
FMPS_C012,الاختبار تنمية مهارات التفتح العلمي و التكنولوجي عند الطفل,FMPS_C012_QV02,"arabic;english,french",video 2-quiz2- l'eveil scientifique,,,
FMPS_C012,إعداد وتنفيد انشطة التفتح العلمي والتكنولوجي,FMPS_C012_V03,"arabic;english,french",https://drive.google.com/file/d/1LaOWKpFxzvn0SGKoKCnrpL6sQKDJmUlr/view?usp=drive_link,,,
FMPS_C012,الاختبار إعداد وتنفيد انشطة التفتح العلمي والتكنولوجي,FMPS_C012_QV03,"arabic;english,french",video 3- quiz3- leveil scientifique,,,
FMPS_C012,انشطة التفتح العلمي,FMPS_C012_V04,"arabic;english,french",https://drive.google.com/file/d/1cKX7K4XhYRjIElsWxa1BXNp7IZqEuLvg/view?usp=drive_link,,,
FMPS_C012,الاختبار انشطة التفتح العلمي,FMPS_C012_QV04,"arabic;english,french",video 4-quiz4-leveil scientifique,,,
FMPS_C012,انشطة التفتح التكنولوجي,FMPS_C012_V05,"arabic;english,french",https://drive.google.com/file/d/1U-vgKC1_BvCW_A0G6UiGFUKSbGJTR4VW/view?usp=drive_link,,,
FMPS_C012,الاختبار انشطة التفتح التكنولوجي,FMPS_C012_QV05,"arabic;english,french",vidéo 5-quiz5- leveil scientiFIQUE,,,
FMPS_C012,التفتح العلمي والتكنولوجي الاختبار النهائي,FMPS_C012_QG12,"arabic;english,french",https://docs.google.com/spreadsheets/d/1FWuG-Ms7mlCu5bnydDp6wkJhTJobGz8pcQY23EmPDB4/edit?usp=drive_link,,,
FMPS_C013,التربية النفسية الحركية,FMPS_C013_V01,"arabic;english,french",https://drive.google.com/file/d/1bMiE9r6uxR9esKa0NiGqOa7d4amGWl5i/view?usp=drive_link,,,
FMPS_C013,الاختبار التربية النفسية الحركية,FMPS_C013_QV01,"arabic;english,french",video 1-quiz1,,,
FMPS_C013,أهداف التربية النفسية الحركية,FMPS_C013_V02,"arabic;english,french",https://drive.google.com/file/d/1o7aq7IlZcB9z95u12JRLtIuiR-Ut9mj6/view?usp=drive_link,,,
FMPS_C013,الاختبار أهداف التربية النفسية الحركية,FMPS_C013_QV02,"arabic;english,french",video 2-quiz 2,,,
FMPS_C013,لعبة القط والفأر,FMPS_C013_V03,"arabic;english,french",https://drive.google.com/file/d/1JpScTCyG21R1DrvSXM4BRhl4TPTzKzLJ/view?usp=drive_link,,,
FMPS_C013,الاختبار لعبة القط والفأر,FMPS_C013_QV03,"arabic;english,french",VIDEO 3-QUIZ3,,,
FMPS_C013,لعبة متاهة الصلصال,FMPS_C013_V04,"arabic;english,french",https://drive.google.com/file/d/1k38PrlRPcmL7eOsimmPbF0u7IkktUA9e/view?usp=drive_link,,,
FMPS_C013,الاختبار لعبة متاهة الصلصال,FMPS_C013_QV04,"arabic;english,french",VIDEO 4-quiz 4,,,
FMPS_C013,لعبة الثعلب الهارب,FMPS_C013_V05,"arabic;english,french",https://drive.google.com/file/d/1PkfPZztuLYmzB1iR6m3A0LYS3Er3vpET/view?usp=drive_link,,,
FMPS_C013,الاختبار لعبة الثعلب الهارب,FMPS_C013_QV05,"arabic;english,french",video 5-quiz5,,,
FMPS_C013,لعبة كرة الأصدقاء,FMPS_C013_V06,"arabic;english,french",https://drive.google.com/file/d/18rhSlGZ2nehSHVfntym0umBtxUxcn_9-/view?usp=drive_link,,,
FMPS_C013,الاختبار لعبة كرة الأصدقاء,FMPS_C013_QV06,"arabic;english,french",VIDEO 6-quiz6,,,
FMPS_C013,الأنشطة الحسحركية الاختبار النهائي,FMPS_C013_QG13,"arabic;english,french",https://docs.google.com/spreadsheets/d/1FWuG-Ms7mlCu5bnydDp6wkJhTJobGz8pcQY23EmPDB4/edit?usp=drive_link,,,
FMPS_C014,النمو الاجتماعي العاطفي في مرحلة التعليم الأولي,FMPS_C014_V01,"arabic;english,french",https://drive.google.com/file/d/1Hb6XA-XeInL--EeH-99LVRlD5BftKLPX/view?usp=drive_link,,,
FMPS_C014,الاختبار النمو الاجتماعي العاطفي في مرحلة التعليم الأولي,FMPS_C014_QV01,"arabic;english,french",VIDEO 1-quiz1,,,
FMPS_C014,أهمية العواطف في التعلم ونمو الطفل,FMPS_C014_V02,"arabic;english,french",https://drive.google.com/file/d/11K6lXzLbLZiMiEKR0IgGlB3LKfvcJi3C/view?usp=drive_link,,,
FMPS_C014,الاختبار أهمية العواطف في التعلم ونمو الطفل,FMPS_C014_QV02,"arabic;english,french",VIDEO 2-quiz2,,,
FMPS_C014,الذكاء العاطفي في مرحلة التعليم الأولي,FMPS_C014_V03,"arabic;english,french",https://drive.google.com/file/d/15gaVGhDVBUj9j_pwMFUPEYKltzOUiqTW/view?usp=drive_link,,,
FMPS_C014,الاختبار الذكاء العاطفي في مرحلة التعليم الأولي,FMPS_C014_QV03,"arabic;english,french",VIDEO 3-QUIZ3,,,
FMPS_C014,تقييم التطور الاجتماعي والعاطفي في مرحلة التعليم الأولي,FMPS_C014_V04,"arabic;english,french",https://drive.google.com/file/d/11kwFh6j7NSRR-QgrRsGFUSs0WR5uLqV7/view?usp=drive_link,,,
FMPS_C014,الاختبار تقييم التطور الاجتماعي والعاطفي في مرحلة التعليم الأولي,FMPS_C014_QV04,"arabic;english,french",VIDEO 4-quiz 4,,,
FMPS_C014,الإجراءات والتدخلات في التعلم الاجتماعي العاطفي,FMPS_C014_V05,"arabic;english,french",https://drive.google.com/file/d/1UqNEQlPnPhRwF6GGiMFEOGoQ-QGfpfNE/view?usp=drive_link,,,
FMPS_C014,الاختبار الإجراءات والتدخلات في التعلم الاجتماعي العاطفي,FMPS_C014_QV05,"arabic;english,french",VIDEO 5-quiz5,,,
FMPS_C014,التطور الاجتماعي والعاطفي للطفل في مرحلة التعليم الاولي الاختبار النهائي,FMPS_C014_QG14,"arabic;english,french",https://docs.google.com/spreadsheets/d/1eBuVzAaRV7oIiXWGu_fp7kJjrj3O4hQb9wRKzmfhQo0/edit?usp=drive_link,,,
FMPS_C015,المقدمة,FMPS_C015_V01,"arabic;english,french",https://drive.google.com/file/d/1egmeWMYBydsODwQ56VCApVU9i6kEOk1e/view?usp=drive_link,,,
FMPS_C015,الاختبار المقدمة,FMPS_C015_QV01,"arabic;english,french",VIDEO 1-quiz1,,,
FMPS_C015,جوانب الهوية المهنية,FMPS_C015_V02,"arabic;english,french",https://drive.google.com/file/d/1B2WxCsJ11za-FY-b3roRKvkWZ48SW1jU/view?usp=drive_link,,,
FMPS_C015,الاختبار جوانب الهوية المهنية,FMPS_C015_QV02,"arabic;english,french",VIDEO 2-QUIZ2,,,
FMPS_C015,مكونات الهوية المهنية,FMPS_C015_V03,"arabic;english,french",https://drive.google.com/file/d/1vYXCvuiE67FXGKAWrM1K_gZBua0XUYiE/view?usp=drive_link,,,
FMPS_C015,الاختبار مكونات الهوية المهنية,FMPS_C015_QV03,"arabic;english,french",VIDEO 3-QUIZ3,,,
FMPS_C015,مراحل تكوين المهارة,FMPS_C015_V04,"arabic;english,french",https://drive.google.com/file/d/1PHTgzJXSnE6-5ES11GnBgIXKGMrCrXca/view?usp=drive_link,,,
FMPS_C015,الاختبار مراحل تكوين المهارة,FMPS_C015_QV04,"arabic;english,french",VIDEO 4-QUIZ 4,,,
FMPS_C015,أهم مهارات مربي التعليم الأولي,FMPS_C015_V05,"arabic;english,french",https://drive.google.com/file/d/1Wh3lvLT7OVkbaw6gZwVnB0ThBNa3yKya/view?usp=drive_link,,,
FMPS_C015,الاختبار أهم مهارات مربي التعليم الأولي,FMPS_C015_QV05,"arabic;english,french",VIDEO 5-QUIZ 5,,,
FMPS_C015,كيف يمكن للمربي تطوير مهارته,FMPS_C015_V06,"arabic;english,french",https://drive.google.com/file/d/1tGtR7BCHZic5ebksjzuUvby-94NrMw2w/view?usp=drive_link,,,
FMPS_C015,الاختبار كيف يمكن للمربي تطوير مهارته,FMPS_C015_QV06,"arabic;english,french",VIDEO 7-QUIZ 7,,,
FMPS_C015,أهم أهداف تطوير الهوية المهنية للمربي,FMPS_C015_V07,"arabic;english,french",https://drive.google.com/file/d/1nXKykU5GUZTJwtxZYhEc5cOug_xJduo0/view?usp=drive_link,,,
FMPS_C015,الاختبار أهم أهداف تطوير الهوية المهنية للمربي,FMPS_C015_QV07,"arabic;english,french",VIDEO 8 -QUIZ8,,,
FMPS_C015,نصائح لتطوير الهوية المهنية,FMPS_C015_V09,"arabic;english,french",https://drive.google.com/file/d/10KB0QFn-T5QWAhPb-_1jIvIxCmpw3ZN9/view?usp=drive_link,,,
FMPS_C015,الاختبار مفهوم الهوية المهنية,FMPS_C015_QV08,"arabic;english,french",VIDEO 8-QUIZ8,,,
FMPS_C015,الهوية المهنية للمربي الاختبار النهائي,FMPS_C015_QG15,"arabic;english,french",https://docs.google.com/spreadsheets/d/1Ce0lQxkqb2RsWDZfEu1p8Y8Yp7Qef1DFcxtTPYWAizk/edit?usp=drive_link,,,
FMPS_C016,التعلم المتبادل,FMPS_C016_V01,"arabic;english,french",https://drive.google.com/file/d/18vkwjNQfnRZhty9nK-F8e4mnGnu0R5wV/view?usp=drive_link,,,
FMPS_C016,الاختبار التعلم المتبادل,FMPS_C016_QV01,"arabic;english,french",VIDEO 1-quiz1,,,
FMPS_C016,التعلم عن طريق البرهنة,FMPS_C016_V02,"arabic;english,french",https://drive.google.com/file/d/1oexgxMNrvnlsKTophjkK7vgLMhXd5CQi/view?usp=drive_link,,,
FMPS_C016,الاختبار التعلم عن طريق البرهنة,FMPS_C016_QV02,"arabic;english,french",VIDEO 2-quiz2,,,
FMPS_C016,التعلم عبر السياق,FMPS_C016_V03,"arabic;english,french",https://drive.google.com/file/d/1alWV203F80OUXgdpcOTNQIOzTgqzpGVD/view?usp=drive_link,,,
FMPS_C016,الاختبار التعلم عبر السياق,FMPS_C016_QV03,"arabic;english,french",VIDEO 3-QUIZ 3,,,
FMPS_C016,التعلم العفوي,FMPS_C016_V04,"arabic;english,french",https://drive.google.com/file/d/1BE4VP_RTmRRCQQazv2_eVBHyghVHhUxn/view?usp=drive_link,,,
FMPS_C016,الاختبار التعلم العفوي,FMPS_C016_QV04,"arabic;english,french",VIDEO 4 -QUIZ 4,,,
FMPS_C016,التعلم عبر المفاهيم,FMPS_C016_V05,"arabic;english,french",https://docs.google.com/spreadsheets/d/1YapCyx7lyh4Hx,03H8Ax14BX4wnoKtJsa,Njyl8MMYI/edit?usp=drive,link
FMPS_C016,الاختبارالتعلم عبر المفاهيم,FMPS_C016_QV05,"arabic;english,french",https://docs.google.com/spreadsheets/d/1YapCyx7lyh4Hx_03H8Ax14BX4wnoKtJsa_Njyl8MMYI/edit?gid=0#gid=0,,,
FMPS_C017,مقدمة,FMPS_C017_V01,"arabic;english,french",,,,
FMPS_C017,الاختبار مقدمة,FMPS_C017_QV01,"arabic;english,french",,,,
FMPS_C017,الخيال و الابداع,FMPS_C017_V03,"arabic;english,french",,,,
FMPS_C017,الاختبار الخيال و الابداع,FMPS_C017_QV03,"arabic;english,french",,,,
FMPS_C017,المثابرة,FMPS_C017_V04,"arabic;english,french",,,,
FMPS_C017,الاختبار الثقة بالنفس,FMPS_C017_QV02,"arabic;english,french",,,,
FMPS_C017,الفضول و حب الاستطلاع,FMPS_C017_V05,"arabic;english,french",,,,
FMPS_C017,الاختبار المثابرة,FMPS_C017_QV04,"arabic;english,french",,,,
FMPS_C017,التعاون,FMPS_C017_V06,"arabic;english,french",,,,
FMPS_C017,الاختبار التعاون,FMPS_C017_QV06,"arabic;english,french",,,,
FMPS_C017,المهارات الحياتية للطفل في مرحلة التعليم الأولي الاختبار النهائي,FMPS_C017_QG17,"arabic;english,french",,,,
FMPS_C018,مفهوم التربية البيئية,FMPS_C018_V01,"arabic;english,french",https://drive.google.com/file/d/1CvfOMXmwK_FTgA3hLDlS5rrLHjNDEJai/view?usp=drive_link,,,
FMPS_C018,Quiz مفهوم التربية البيئية,FMPS_C018_QV01,"arabic;english,french",VIDEO 1-quiz 1,,,
FMPS_C018,أهمية التربية البيئية و أهدافها,FMPS_C018_V02,"arabic;english,french",https://drive.google.com/file/d/15haJYhJ2M_cvfnXreggDcKfmDpecAWJ5/view?usp=drive_link,,,
FMPS_C018,Quiz أهمية التربية البيئية و أهدافها,FMPS_C018_QV02,"arabic;english,french",video 2-quiz 2,,,
FMPS_C018,استثمار التربية البيئية في قسم التعليم الأولي,FMPS_C018_V03,"arabic;english,french",https://drive.google.com/file/d/1dtI9zw8y04Dc0QvAAUVvpVHZfow571eD/view?usp=drive_link,,,
FMPS_C018,Quiz استثمار التربية البيئية في قسم التعليم الأولي,FMPS_C018_QV03,"arabic;english,french",video 3-quiz 3,,,
FMPS_C018,أنشطة تطبيقية مساهمة في تبني سلوكيات بيئية سليمة لدى الاطفال,FMPS_C018_V04,"arabic;english,french",https://drive.google.com/file/d/17s2iB0AuVB02C-HvvXvdHJDG9pTP8F7d/view?usp=drive_link,,,
FMPS_C018,Quiz أنشطة تطبيقية مساهمة في تبني سلوكيات بيئية سليمة لدى الاطفال,FMPS_C018_QV04,"arabic;english,french",video 4 -quiz 4,,,
FMPS_C018,أنشطة حول التربية البيئية,FMPS_C018_V05,"arabic;english,french",https://drive.google.com/file/d/1x8ZF25cKY_DtR78slQEqV3P3bj6qDSpq/view?usp=drive_link,,,
FMPS_C018,Quiz أنشطة حول التربية البيئية,FMPS_C018_QV05,"arabic;english,french",VIDEO 5-quiz 5,,,
FMPS_C018,الانشطة التربوية المساهمة في تكوين السلوكيات السليمة,FMPS_C018_V06,"arabic;english,french",https://drive.google.com/file/d/1GJXSsaDpjTVzQMGdWfuasYGNjj-qIxeR/view?usp=drive_link,,,
FMPS_C018,Quiz الانشطة التربوية المساهمة في تكوين السلوكيات السليمة,FMPS_C018_QV06,"arabic;english,french",VIDEO 6-quiz 6,,,
FMPS_C018, التربية البيئية الاختبار النهائي,FMPS_C018_QG18,"arabic;english,french",https://docs.google.com/spreadsheets/d/1ueEQPUVAld17aUAa-kft7sWi5WeDiDzdUxsa4vhBQU0/edit?usp=drive_link,,,
FMPS_C019,التعرف على عملية التقويم في مرحلة التعليم الاولي,FMPS_C019_V01,"arabic;english,french",https://drive.google.com/file/d/1H-0cBhqbB5MX42AT2fXXnRoOy2IXbwd1/view?usp=drive_link,,,
FMPS_C019,الاختبار التعرف على عملية التقويم في مرحلة التعليم الاولي,FMPS_C019_QV01,"arabic;english,french",VIDEO 1-quiz1,,,
FMPS_C019,اهمية التقويم في مرحلة التعليم الاولي,FMPS_C019_V02,"arabic;english,french",https://drive.google.com/file/d/1DYb3LDfipShwqaTxxL6aVcPVp3vLmboH/view?usp=drive_link,,,
FMPS_C019,الاختبار اهمية التقويم في مرحلة التعليم الاولي,FMPS_C019_QV02,"arabic;english,french",VIDEO 2-quiz2,,,
FMPS_C019,مقاربة التقويم في مرحلة التعليم الاولي,FMPS_C019_V03,"arabic;english,french",https://drive.google.com/file/d/1YQVyPJ59cu89XENz0waXZykgtElP_D_8/view?usp=drive_link,,,
FMPS_C019,الاختبار مقاربة التقويم في مرحلة التعليم الاولي,FMPS_C019_QV03,"arabic;english,french",VIDEO 3-quiz 3,,,
FMPS_C019,التقويم بمرحلة التعليم الأولي الاختبار النهائي,FMPS_C019_QG19,"arabic;english,french",https://docs.google.com/spreadsheets/d/1zoXqHpQrymiW9IAzPVF2US5OzvrbUPgR15Jq3tAw2uo/edit?usp=drive_link,,,
FMPS_C020,التعزيز الايجابي,FMPS_C020_V01,"arabic;english,french",https://drive.google.com/file/d/1P67YqLK-221TRWfiiP5nvpT9JpcPjO3f/view?usp=drive_link,,,
FMPS_C020,الاختبار التعزيز الايجابي,FMPS_C020_QV01,"arabic;english,french",https://docs.google.com/spreadsheets/d/16U5l4miweEo2fTrUl_-tdrmaCiFDk_kUJAt2_IyplQc/edit?usp=drive_link,,,
FMPS_C020,اشكال التعزيز الايجابي,FMPS_C020_V02,"arabic;english,french",https://drive.google.com/file/d/12h0xvwfhoARL777iKjczd2YOchXyqWEk/view?usp=drive_link,,,
FMPS_C020,الاختبار اشكال التعزيز الايجابي,FMPS_C020_QV02,"arabic;english,french",VIDEO 2-quiz 2,,,
FMPS_C020,انواع التعزيز الايجابي التربوي,FMPS_C020_V03,"arabic;english,french",https://drive.google.com/file/d/1s3EJWIbTSfX52E-pdh4EgO1nXurYJ8tu/view?usp=drive_link,,,
FMPS_C020,الاختبار انواع التعزيز الايجابي التربوي,FMPS_C020_QV03,"arabic;english,french",video 3-quiz 3,,,
FMPS_C020,انواع التعزيز الايجابي التربوي,FMPS_C020_V04,"arabic;english,french",https://drive.google.com/file/d/1LgCFv0yVgfBnknroMFdDfOEVFv35aIzh/view?usp=drive_link,,,
FMPS_C020,الاختبار انواع التعزيز الايجابي التربوي,FMPS_C020_QV04,"arabic;english,french",VIDEO 4-quiz 4,,,
FMPS_C020,العوامل المؤثرة في فعاليات المعززات التربوية,FMPS_C020_V05,"arabic;english,french",https://drive.google.com/file/d/1x33EeNLWS34KeC6PRt6I2xIU-9dBjV3h/view?usp=drive_link,,,
FMPS_C020,الاختبار العوامل المؤثرة في فعاليات المعززات التربوية,FMPS_C020_QV05,"arabic;english,french",VIDEO 5-video 5,,,
FMPS_C020,التعزيز الايجابي الاجتماعي,FMPS_C020_V06,"arabic;english,french",https://drive.google.com/file/d/1LgBV5KXAGOBox8rKgmPOXdqB8e8yNSOL/view?usp=drive_link,,,
FMPS_C020,الاختبار التعزيز الايجابي الاجتماعي,FMPS_C020_QV06,"arabic;english,french",VIDEO 6-quiz6,,,
FMPS_C020,خلاصة عامة,FMPS_C020_V07,"arabic;english,french",https://drive.google.com/file/d/1XQKP6qjyZ8NHRojstENQhLCgPTpy-HPN/view?usp=drive_link,,,
FMPS_C020,الاختبار,FMPS_C020_QV07,"arabic;english,french",VIDEO 7-quiz 7,,,
FMPS_C020,نظام التعزيز الإيجابي التربوي والاجتماعي في مرحلة ما قبل التمدرس الاختبار النهائي,FMPS_C020_QG20,"arabic;english,french",https://docs.google.com/spreadsheets/d/1Ll_U_VPR1gKA35xxsaJKRs4jbIHAPABLA8n8Bdw42iM/edit?usp=drive_link,,,
FMPS_C021,العنف التربوي الاعتيادي,FMPS_C021_V01,"arabic;english,french",https://drive.google.com/file/d/1or2OyBfJgHaUiiwXYUAez3tcELiOUThZ/view?usp=drive_link,,,
FMPS_C021,الاختبار العنف التربوي الاعتيادي,FMPS_C021_QV01,"arabic;english,french",https://docs.google.com/spreadsheets/d/1AefBmxQ0eHxsY4O7DF5GM7M9YBRxk_xDN-zCOxIQzTQ/edit?usp=drive_link,,,
FMPS_C021,اشكال العنف التربوي,FMPS_C021_V02,"arabic;english,french",https://drive.google.com/file/d/1wIWn1_W86UDA_X6f6PXOact-hEv94WRj/view?usp=drive_link,,,
FMPS_C021,الاختبار اشكال العنف التربوي,FMPS_C021_QV02,"arabic;english,french",https://docs.google.com/spreadsheets/d/15X5sjZX-IS_xwRNz7GTM34dWdkDxEufNJbfdtBoFgKc/edit?usp=drive_link,,,
FMPS_C021,بعض الاثار السلبية للعنف التربوي الاعتيادي على الطفل,FMPS_C021_V03,"arabic;english,french",https://drive.google.com/file/d/1w42BdW14rok6k19hwoSHo0uy1E9oI083/view?usp=drive_link,,,
FMPS_C021,الاختبار بعض الاثار السلبية للعنف التربوي الاعتيادي على الطفل,FMPS_C021_QV03,"arabic;english,french",https://docs.google.com/spreadsheets/d/1HIv-fbTVXfL9wstEpFxsVxkibgFFvt2euxGU2qJBdJw/edit?usp=drive_link,,,
FMPS_C021,المعتقدات الخاطئة حول العنف التربوي,FMPS_C021_V04,"arabic;english,french",https://drive.google.com/file/d/1l2rIn43iFRXHIJA-B3PsYNQO_fa2yel_/view?usp=drive_link,,,
FMPS_C021,الاختبارالمعتقدات الخاطئة حول العنف التربويل,FMPS_C021_QV04,"arabic;english,french",https://drive.google.com/open?id=1TL-8FmIUWNA4_JBBlK-zo1hLy99i40RIdAy707bOaAE&usp=drive_copy,,,
FMPS_C021,العنف التربوي الاعتيادي الاختبار النهائي,FMPS_C021_QG21,"arabic;english,french",https://docs.google.com/spreadsheets/d/1DJG4QHMAYPJgJMwWzEW8S-Ma8JVXzrxtE4dbTKPA3Ls/edit?usp=drive_link,,,
FMPS_C022,كيفية الحفاظ على الانضباط داخل قسم التعليم الأولي,FMPS_C022_V01,"arabic;english,french",https://drive.google.com/file/d/1QGsDExbC9RQCY6LxRX-myDJ2nvCTnQfu/view?usp=drive_link,,,
FMPS_C022,الاختبار المعتقدات الخاطئة حول العنف التربوي,FMPS_C021_QV04,"arabic;english,french",https://docs.google.com/spreadsheets/d/1TL-8FmIUWNA4_JBBlK-zo1hLy99i40RIdAy707bOaAE/edit?usp=drive_link,,,
FMPS_C022,بعض الحلول المقترحة لضبط قسم التعليم الأولي,FMPS_C022_V02,"arabic;english,french",https://drive.google.com/file/d/1gdGWkajE4GFk_O0SQUom2yVAHiUOe6-1/view?usp=drive_link,,,
FMPS_C022,الاختبار كيفية الحفاظ على الانضباط داخل قسم التعليم الأولي,FMPS_C022_QV01,"arabic;english,french",https://docs.google.com/spreadsheets/d/1S2Y1k8uOtSkCiqjPIxkNVDqCAuq8Z67nPn5oJCHD84g/edit?usp=drive_link,,,
FMPS_C022,التعرف على الأسباب التي تؤثر على الانضباط داخل القسم,FMPS_C022_V03,"arabic;english,french",https://drive.google.com/file/d/1g0oxxJ9fVEfxRoFNhHPu5oCm9KqLj6X4/view?usp=drive_link,,,
FMPS_C022,الاختبار بعض الحلول المقترحة لضبط قسم التعليم الأولي,FMPS_C022_QV02,"arabic;english,french",https://docs.google.com/spreadsheets/d/1BzURX3ridNBp0CzejwMHcPmPfSxH1kaRhxHmpDzGGwA/edit?usp=drive_link,,,
FMPS_C022,أهداف ضبط قسم التعليم الأولي,FMPS_C022_V04,"arabic;english,french",https://drive.google.com/file/d/1Jvdr9gpTHzjnrQ9j3xQPbdIckalRogM4/view?usp=drive_link,,,
FMPS_C022,الاختبار التعرف على الأسباب التي تؤثر على الانضباط داخل القسم,FMPS_C022_QV03,"arabic;english,french",https://docs.google.com/spreadsheets/d/1MRJOAd-hT1gkxFl8N_wXwslae3z1hZFaTzrXUoEdnFE/edit?usp=drive_link,,,
FMPS_C022,إدارة الانضباط داخل قسم التعليم الأول,FMPS_C022_V05,"arabic;english,french",https://drive.google.com/file/d/1Deei37x6qrsqOcC7aiMBLMR4nY_ysU7M/view?usp=drive_link,,,
FMPS_C022,الاختبار إدارة الانضباط داخل قسم التعليم الأول,FMPS_C022_QV04,"arabic;english,french",VIDEO 4- quiz 4,,,
FMPS_C022,إدارة الانضباط في قسم التعليم الأولي الاختبار النهائي,FMPS_C022_QG22,"arabic;english,french",https://docs.google.com/spreadsheets/d/1kzsWcsndZcU3dAtlcVV0ZuBPKCTo6AxkwgpZse6-inI/edit?usp=drive_link,,,
FMPS_C023,المقدمة,FMPS_C023_V01,"arabic;english,french",https://drive.google.com/file/d/1VGN3BuOnzRZgRL23LJCKjypyptwT79af/view?usp=drive_link,,,
FMPS_C023,الاختبار المقدمة,FMPS_C023_QV01,"arabic;english,french",VIDEO 1-quiz1,,,
FMPS_C023,تعريف بيداغوجية المشروع و تحديد كيفية التعلم من خلالها,FMPS_C023_V02,"arabic;english,french",https://drive.google.com/file/d/1WQ_17ZYggr2BdC72Wy0nImRinqZKvD8N/view?usp=drive_link,,,
FMPS_C023,الاختبار تعريف بيداغوجية المشروع و تحديد كيفية التعلم من خلالها,FMPS_C023_QV02,"arabic;english,french",VIDEO 2- quiz2,,,
FMPS_C023,أهداف وغايات بيداغوجية المشروع,FMPS_C023_V03,"arabic;english,french",https://drive.google.com/file/d/1iOVRK5cP_mME8VfiXTgI-2kmKeE18hoq/view?usp=drive_link,,,
FMPS_C023,الاختبار أهداف وغايات بيداغوجية المشروع,FMPS_C023_QV03,"arabic;english,french",video 3-quiz3,,,
FMPS_C023,المجالات التعلمية,FMPS_C023_V04,"arabic;english,french",https://drive.google.com/file/d/1LCg_pZyNAxnvYq_mgFwJZlfE3biQ1FRm/view?usp=drive_link,,,
FMPS_C023,الاختبار المجالات التعلمية,FMPS_C023_QV04,"arabic;english,french",VIDEO 4 -QUIZ 4,,,
FMPS_C023,المشاريع التربوية ودواعي العمل بيها,FMPS_C023_V05,"arabic;english,french",https://drive.google.com/file/d/1NOI-ZKhNiayhFCEKlBTBdEfOqEAvfxX_/view?usp=drive_link,,,
FMPS_C023,الاختبار المشاريع التربوية ودواعي العمل بيها,FMPS_C023_QV05,"arabic;english,french",VIDEO 5 - quiz 5,,,
FMPS_C023,مراحل تنفيذ الأنشطة البيداغوجية,FMPS_C023_V06,"arabic;english,french",https://drive.google.com/file/d/1j_iLNiqDVziLIFlEkTXUnAUyvZ22WxZL/view?usp=drive_link,,,
FMPS_C023,التعرف على على دور المربي في بيداغوجيا المشروع,FMPS_C023_V07,"arabic;english,french",https://drive.google.com/file/d/1tjRLGT2jjdbM0zDB17dcJEmtKc2mxl7c/view?usp=drive_link,,,
FMPS_C023,الاختبار مراحل تنفيذ الأنشطة البيداغوجية,FMPS_C023_QV06,"arabic;english,french",VIDEO 6- quiz 6,,,
FMPS_C023,بيداغوجيا المشروع الاختبار النهائي,FMPS_C023_QG23,"arabic;english,french",https://docs.google.com/spreadsheets/d/1kAxQvxqXnxfD93tDvYzy-n_VXeqsAYcnNpx20f9aXIQ/edit?usp=drive_link,,,
FMPS_C024,مفهوم الأنشطة الموازية و دورها في العملية التعليمية التعلمية,FMPS_C024_V01,"arabic;english,french",https://drive.google.com/file/d/1V-swwIkFoPReJufdRe_Xu_fLlR4-bOfH/view?usp=drive_link,,,
FMPS_C024,الاختبار مفهوم الأنشطة الموازية و دورها في العملية التعليمية التعلمية,FMPS_C024_QV01,"arabic;english,french",VIDEO 1-quiz 1,,,
FMPS_C024,الأهداف الخاصة للأنشطة الموازية,FMPS_C024_V02,"arabic;english,french",https://drive.google.com/file/d/1Oj2eZkWkBGP6LXsoPpbV3Wyx5k3J2M6N/view?usp=drive_link,,,
FMPS_C024,الاختبار الأهداف الخاصة للأنشطة الموازية,FMPS_C024_QV02,"arabic;english,french",VIDEO2-quiz2,,,
FMPS_C024,الأنشطة الموازية التي يمكن استثمارها في العملية التعليمية التعلمية,FMPS_C024_V03,"arabic;english,french",https://drive.google.com/file/d/1wIwYvOCedJH3vrbzIi3WEEXQC90Eh-jq/view?usp=drive_link,,,
FMPS_C024,الاختبار الأنشطة الموازية التي يمكن استثمارها في العملية التعليمية التعلمية,FMPS_C024_QV03,"arabic;english,french",VIDEO 3-quiz3,,,
FMPS_C024,الورشات الي يمكن تنظيمها داخل العملية التعليمية التعلمية و كفاياتها,FMPS_C024_V04,"arabic;english,french",https://drive.google.com/file/d/1yM5ONKzpzagiBOl8Q11i4wthAg0-CZNt/view?usp=drive_link,,,
FMPS_C024,الاختبار الورشات الي يمكن تنظيمها داخل العملية التعليمية التعلمية و كفاياتها,FMPS_C024_QV04,"arabic;english,french",VIDEO4-quiz4,,,
FMPS_C024,الأسس العامة لتنظيم الأنشطة الموازية,FMPS_C024_V05,"arabic;english,french",https://drive.google.com/file/d/11em99jjNvbzstSWYuNmSRB3mn7okdp_z/view?usp=drive_link,,,
FMPS_C024,الاختبار الأسس العامة لتنظيم الأنشطة الموازية,FMPS_C024_QV05,"arabic;english,french",VIDEO 5-quiz5,,,
FMPS_C024,نصائح عامة للمربين لتطوير مختلف قدرات الأطفال و مهارتهم,FMPS_C024_V06,"arabic;english,french",https://drive.google.com/file/d/1yxY4dskPujg1CXMm-lZGrHBlPesHq2HX/view?usp=drive_link,,,
FMPS_C024,نصائح عامة للمربين لتطوير مختلف قدرات الأطفال و مهارتهم,FMPS_C024_QV06,"arabic;english,french",VIDEO6-quiz6,,,
FMPS_C024,الأنشطة الموازية في مرحلة التعليم الأولي الاختبار النهائي,FMPS_C024_QG24,"arabic;english,french",https://docs.google.com/spreadsheets/d/1tgeyRJo0VnO-LUdOWXJuCW2z3UzmZGZXZD1u0VicUZY/edit?usp=drive_link,,,
FMPS_C025,مفهوم صحة و رفاه الطفل و أهم ركائزه,FMPS_C025_V01,"arabic;english,french",https://drive.google.com/file/d/1SSLys8SFnMSKoTVSFdWxR9G5-XEp4Ijy/view?usp=drive_link,,,
FMPS_C025,الاختبار مفهوم صحة و رفاه الطفل و أهم ركائزه,FMPS_C025_QV01,"arabic;english,french",VIDEO 1-quiz 1,,,
FMPS_C025,طب الاطفال,FMPS_C025_V02,"arabic;english,french",https://drive.google.com/file/d/1dRL7399Lz_8ovDOTH3_7IQEl4iFX5P6V/view?usp=drive_link,,,
FMPS_C025,الاختبار طب الاطفال,FMPS_C025_QV02,"arabic;english,french",VIDEO2-quiz2,,,
FMPS_C025,طب الأذن و الأنف و الحنجرة,FMPS_C025_V03,"arabic;english,french",https://drive.google.com/file/d/1RKr4KHlQtcPXwSQvbkk1WDNnKmmh5rmo/view?usp=drive_link,,,
FMPS_C025,الاختبار طب الأذن و الأنف و الحنجرة,FMPS_C025_QV03,"arabic;english,french",VIDEO3-quiz3,,,
FMPS_C025,طب العيون,FMPS_C025_V04,"arabic;english,french",https://drive.google.com/file/d/1i95Zc_jIQ0K9nTKDK8Q8EtV0mkyVeYcj/view?usp=drive_link,,,
FMPS_C025,الاختبار طب العيون,FMPS_C025_QV04,"arabic;english,french",VIDEO4-video4,,,
FMPS_C025,توجيهات و إرشادات خاصة بطب العيون,FMPS_C025_V05,"arabic;english,french",https://drive.google.com/file/d/1nL2HmaZfMm13B-CE7v76gc--P5LiR8Bw/view?usp=drive_link,,,
FMPS_C025,الاختبار توجيهات و إرشادات خاصة بطب العيون,FMPS_C025_QV05,"arabic;english,french",VIDEO5-quiz5,,,
FMPS_C025,طب الأسنان,FMPS_C025_V06,"arabic;english,french",https://docs.google.com/spreadsheets/d/1GHxheC14dVf61dcC44jDbSLeZNFkWz7St3nI2I1g5g4/edit?usp=drive,,,
FMPS_C026,المهارات الحياتية و التواصل الفعال,FMPS_C026_V01,"arabic;english,french",https://drive.google.com/file/d/19OPscBeKTayLCHO3ZR3NQbHypku6Ymxm/view?usp=drive_link,,,
FMPS_C026,الاختبار طب الأسنان,FMPS_C025_QV06,"arabic;english,french",video6- quiz6,,,
FMPS_C026,أهمية تنمية المهارات الحياتية لدى المربي والاهداف المحققة من خلالها,FMPS_C026_V02,"arabic;english,french",https://drive.google.com/file/d/1FwiZIuGJ-D70TNqdwGantwbhiy0WOKCo/view?usp=drive_link,,,
FMPS_C026,الاختبار المهارات الحياتية و التواصل الفعال,FMPS_C026_QV01,"arabic;english,french",video 1-quiz1,,,
FMPS_C026,الأهداف العامة المحصلة لدى المربي من خلال تنميته لمهاراته الحياتية,FMPS_C026_V03,"arabic;english,french",https://drive.google.com/file/d/118wF8t-B_lJObUqKZVNAIFIfrFOYLJlB/view?usp=drive_link,,,
FMPS_C026,الاختبار أهمية تنمية المهارات الحياتية لدى المربي والاهداف المحققة من خلالها,FMPS_C026_QV02,"arabic;english,french",VIDEO 2-quiz2,,,
FMPS_C026,الاتصال الرقمي و أهميته في الممارسات الحياتية و المهنية للمربي,FMPS_C026_V04,"arabic;english,french",https://drive.google.com/file/d/11yb_Nzs9OWn2knH4HE8Coh-PBivaKjP3/view?usp=drive_link,,,
FMPS_C026,الاختبار الأهداف العامة المحصلة لدى المربي من خلال تنميته لمهاراته الحياتية,FMPS_C026_QV03,"arabic;english,french",VIDEO3-video3,,,
FMPS_C026,المهارات الحياتية والممارسات المهنية لمربي التعليم الاولي الاختبار النهائي,FMPS_C026_QG26,"arabic;english,french",https://docs.google.com/spreadsheets/d/1_1JMhcp0_vMYeMIJ3CELSzCFD7cmiXy3tuT_g7KaKxQ/edit?usp=drive_link,,,
FMPS_C027,مفهوم تقدير الذات,FMPS_C027_V01,"arabic;english,french",https://drive.google.com/file/d/1WsMmdN-tObCYycvEmKMfd0SJFZ1roGbC/view?usp=drive_link,,,
FMPS_C027,الاختبار مفهوم تقدير الذات,FMPS_C027_QV01,"arabic;english,french",video1-quiZ1,,,
FMPS_C027,بناء تقدير الذات لدى الطفل,FMPS_C027_V02,"arabic;english,french",https://drive.google.com/file/d/1xKq3C-B_j1tGTUPALwXfaZtagWlxnqYy/view?usp=drive_link,,,
FMPS_C027,الاختبار بناء تقدير الذات لدى الطفل,FMPS_C027_QV02,"arabic;english,french",VIDEO2-quiz2,,,
FMPS_C027,أهمية بناء تقدير الذات لدى الطفل,FMPS_C027_V03,"arabic;english,french",https://drive.google.com/file/d/12NY8x3nhUUXxXmk1ONADft9m22Tx0GDt/view?usp=drive_link,,,
FMPS_C027,الاختبار أهمية بناء تقدير الذات لدى الطفل,FMPS_C027_QV03,"arabic;english,french",VIDEO3-quiz3,,,
FMPS_C027,علاقة تقدير الذات بالتعلمات,FMPS_C027_V04,"arabic;english,french",https://drive.google.com/file/d/1YMn1pePzyo-rBxSQYif2AgPbBh5rj_3o/view?usp=drive_link,,,
FMPS_C027,الاختبار الاتصال الرقمي و أهميته في الممارسات الحياتية و المهنية للمربي,FMPS_C026_QV04,"arabic;english,french",VIDEO4-quiz4,,,
FMPS_C027,تطوير الذات عند الأطفال,FMPS_C027_V05,"arabic;english,french",https://drive.google.com/file/d/11CoH6tmS5X425IpIk2PMPM8uxV7uhaoA/view?usp=drive_link,,,
FMPS_C027,الاختبار تطوير الذات عند الأطفال,FMPS_C027_QV05,"arabic;english,french",VIDEO5-quiz 5,,,
FMPS_C027,احترام الذات لدى الأطفال الذين يعانون من صعوبات في التعلم,FMPS_C027_V06,"arabic;english,french",https://drive.google.com/file/d/10jdiSRIXNMH4feSfVkTcRHqCr5ISCs_d/view?usp=drive_link,,,
FMPS_C028,مصوغة اللعب في التعليم الاولي,FMPS_C028_V01,"arabic;english,french",https://drive.google.com/file/d/179dWWVazBPcnGvOKZcqnNjhOXaj46La1/view?usp=drive_link,,,
FMPS_C028,الاختبار مصوغة اللعب في التعليم الاولي,FMPS_C028_QV01,"arabic;english,french",video1-quiz1,,,
FMPS_C028,الألعاب التربوية,FMPS_C028_V02,"arabic;english,french",https://drive.google.com/file/d/1gVwNYscIk6MjEqUsRxpiry0Aw2cCQXJF/view?usp=drive_link,,,
FMPS_C028,الاختبار الألعاب التربوية,FMPS_C028_QV02,"arabic;english,french",VIDEO2-quiz2,,,
FMPS_C028,الالعاب الحسية,FMPS_C028_V03,"arabic;english,french",https://drive.google.com/file/d/1yfGLca1AFQVfHY_aqErJ2NYPBEU-P-K1/view?usp=drive_link,,,
FMPS_C028,الاختبار الالعاب الحسية,FMPS_C028_QV03,"arabic;english,french",VIDEO3-quiz3,,,
FMPS_C028,الالعاب الشعبية,FMPS_C028_V04,"arabic;english,french",https://drive.google.com/file/d/1GtpSNLnELeyGLjZbjQqkUnfiTX53vVGN/view?usp=drive_link,,,
FMPS_C028,الاختبار الالعاب الشعبية,FMPS_C028_QV04,"arabic;english,french",VIDEO4,,,
FMPS_C028,الالعاب اللغوية,FMPS_C028_V05,"arabic;english,french",https://drive.google.com/file/d/1p53NQsWD5aZtFPH4n9qyqPYNDXl_kjET/view?usp=drive_link,,,
FMPS_C028,الاختبار الالعاب اللغوية,FMPS_C028_QV05,"arabic;english,french",https://drive.google.com/open?id=1-oXZzgM8LteHPOz6JxKBMw7qNMcBGFOJmMv-nEuCQNo&usp=drive_copy,,,
FMPS_C028,الألعاب التربوية الاختبار النهائي,FMPS_C028_QG28,"arabic;english,french",https://docs.google.com/spreadsheets/d/1ahFbsoyhAOl9QbDt7wXcWCvz70kmMmsPuZRIs7POe5I/edit?usp=drive_link,,,